epidemiological_week,date_d,order_for_place,state,city,city_ibge_code,place_type,last_available_confirmed,last_conf_100k_inhabitants,new_confirmed,last_available_deaths,new_deaths,last_available_death_rate,population_2019,is_last,is_repeated
38,2020-09-16,145,SP,"Pirapora do Bom Jesus",3539103,city,552,2921.41,0,5,0,0.0091,18895,True,False
38,2020-09-16,134,SP,Pirapozinho,3539202,city,691,2510.26,16,11,0,0.0159,27527,True,False
38,2020-09-16,147,SP,Pirassununga,3539301,city,1301,1702.68,27,22,0,0.0169,76409,True,False
38,2020-09-16,155,SP,Piratininga,3539400,city,245,1796.71,1,9,0,0.0367,13636,True,False
38,2020-09-16,147,SP,Pitangueiras,3539509,city,732,1842.95,15,13,0,0.0178,39719,True,False
38,2020-09-16,125,SP,Planalto,3539608,city,162,3093.37,3,1,0,0.0062,5237,True,False
38,2020-09-16,86,SP,Platina,3539707,city,31,873.239,0,0,0,0,3550,True,False
38,2020-09-16,176,SP,Poá,3539806,city,1667,1419.3,11,95,2,0.057,117452,True,False
38,2020-09-16,130,SP,Poloni,3539905,city,70,1155.31,1,2,0,0.0286,6059,True,False
38,2020-09-16,114,SP,Pompéia,3540002,city,121,549.65,4,3,0,0.0248,22014,True,False
38,2020-09-16,72,SP,Pongaí,3540101,city,64,1873.54,1,2,0,0.0312,3416,True,False
38,2020-09-16,156,SP,Pontal,3540200,city,1362,2726.13,8,46,1,0.0338,49961,True,False
38,2020-09-16,118,SP,Pontalinda,3540259,city,62,1339.67,1,3,0,0.0484,4628,True,False
38,2020-09-16,120,SP,"Pontes Gestal",3540309,city,109,4229.72,1,3,0,0.0275,2577,True,False
38,2020-09-16,152,SP,Populina,3540408,city,52,1247.3,1,2,0,0.0385,4169,True,False
38,2020-09-16,133,SP,Porangaba,3540507,city,34,342.569,0,0,0,0,9925,True,False
38,2020-09-16,171,SP,"Porto Feliz",3540606,city,1066,2007.61,4,13,0,0.0122,53098,True,False
38,2020-09-16,160,SP,"Porto Ferreira",3540705,city,1124,2001.78,14,27,0,0.024,56150,True,False
38,2020-09-16,126,SP,Potim,3540754,city,244,990.139,5,4,0,0.0164,24643,True,False
38,2020-09-16,127,SP,Potirendaba,3540804,city,509,2931.86,4,9,0,0.0177,17361,True,False
38,2020-09-16,138,SP,Pracinha,3540853,city,3,73.2959,0,0,0,0,4093,True,False
38,2020-09-16,143,SP,Pradópolis,3540903,city,644,2995.91,2,19,1,0.0295,21496,True,False
38,2020-09-16,169,SP,"Praia Grande",3541000,city,7342,2258.57,12,190,1,0.0259,325073,True,False
38,2020-09-16,155,SP,Pratânia,3541059,city,45,855.351,0,0,0,0,5261,True,False
38,2020-09-16,145,SP,"Presidente Alves",3541109,city,60,1465.56,2,1,0,0.0167,4094,True,False
38,2020-09-16,131,SP,"Presidente Bernardes",3541208,city,190,1449.72,1,6,0,0.0316,13106,True,False
38,2020-09-16,141,SP,"Presidente Epitácio",3541307,city,495,1119.91,19,13,0,0.0263,44200,True,False
38,2020-09-16,162,SP,"Presidente Prudente",3541406,city,3881,1696.66,87,106,1,0.0273,228743,True,False
38,2020-09-16,164,SP,"Presidente Venceslau",3541505,city,400,1012.25,4,13,0,0.0325,39516,True,False
38,2020-09-16,167,SP,Promissão,3541604,city,1474,3645.63,14,7,0,0.0047,40432,True,False
38,2020-09-16,120,SP,Quadra,3541653,city,10,262.881,0,0,0,0,3804,True,False
38,2020-09-16,149,SP,Quatá,3541703,city,136,963.924,6,4,0,0.0294,14109,True,False
38,2020-09-16,104,SP,Queiroz,3541802,city,24,704.639,0,2,0,0.0833,3406,True,False
38,2020-09-16,87,SP,Queluz,3541901,city,261,1944.86,0,3,0,0.0115,13420,True,False
38,2020-09-16,150,SP,Quintana,3542008,city,54,813.498,1,0,0,0,6638,True,False
38,2020-09-16,104,SP,Rafard,3542107,city,154,1696.78,2,2,0,0.013,9076,True,False
38,2020-09-16,153,SP,Rancharia,3542206,city,742,2497.73,14,12,0,0.0162,29707,True,False
38,2020-09-16,104,SP,"Redenção da Serra",3542305,city,17,441.444,0,0,0,0,3851,True,False
38,2020-09-16,142,SP,"Regente Feijó",3542404,city,100,493.559,3,3,0,0.03,20261,True,False
38,2020-09-16,134,SP,Reginópolis,3542503,city,32,332.606,0,1,0,0.0312,9621,True,False
38,2020-09-16,153,SP,Registro,3542602,city,1414,2510.56,7,33,1,0.0233,56322,True,False
38,2020-09-16,83,SP,Restinga,3542701,city,42,553.141,1,0,0,0,7593,True,False
38,2020-09-16,98,SP,Ribeira,3542800,city,33,988.024,0,0,0,0,3340,True,False
38,2020-09-16,117,SP,"Ribeirão Bonito",3542909,city,172,1301.16,4,2,0,0.0116,13219,True,False
38,2020-09-16,142,SP,"Ribeirão Branco",3543006,city,217,1319.63,4,4,0,0.0184,16444,True,False
38,2020-09-16,29,SP,"Ribeirão Corrente",3543105,city,35,741.84,0,1,0,0.0286,4718,True,False
38,2020-09-16,127,SP,"Ribeirão dos Índios",3543238,city,17,764.045,0,3,0,0.1765,2225,True,False
38,2020-09-16,104,SP,"Ribeirão do Sul",3543204,city,28,616.604,0,1,0,0.0357,4541,True,False
38,2020-09-16,127,SP,"Ribeirão Grande",3543253,city,79,1029.58,0,1,0,0.0127,7673,True,False
38,2020-09-16,176,SP,"Ribeirão Pires",3543303,city,1261,1021.94,5,59,1,0.0468,123393,True,False
38,2020-09-16,175,SP,"Ribeirão Preto",3543402,city,19944,2835.8,146,670,5,0.0336,703293,True,False
38,2020-09-16,90,SP,Rifaina,3543600,city,47,1295.12,0,2,0,0.0426,3629,True,False
38,2020-09-16,156,SP,Rincão,3543709,city,98,907.491,0,4,0,0.0408,10799,True,False
38,2020-09-16,155,SP,Rinópolis,3543808,city,61,611.161,7,0,0,0,9981,True,False
38,2020-09-16,176,SP,"Rio Claro",3543907,city,3816,1848.62,18,121,0,0.0317,206424,True,False
38,2020-09-16,141,SP,"Rio das Pedras",3544004,city,663,1882.03,1,36,0,0.0543,35228,True,False
38,2020-09-16,163,SP,"Rio Grande da Serra",3544103,city,638,1254.77,11,25,1,0.0392,50846,True,False
38,2020-09-16,121,SP,Riolândia,3544202,city,310,2476.43,1,2,0,0.0065,12518,True,False
38,2020-09-16,85,SP,Riversul,3543501,city,18,325.851,0,1,0,0.0556,5524,True,False
38,2020-09-16,121,SP,Rosana,3544251,city,123,739.049,1,2,0,0.0163,16643,True,False
38,2020-09-16,126,SP,Roseira,3544301,city,189,1764.38,1,2,0,0.0106,10712,True,False
38,2020-09-16,127,SP,Rubiácea,3544400,city,35,1118.93,-1,0,0,0,3128,True,False
38,2020-09-16,74,SP,Rubinéia,3544509,city,61,1937.74,4,2,0,0.0328,3148,True,False
38,2020-09-16,100,SP,Sabino,3544608,city,35,626.118,0,4,0,0.1143,5590,True,False
38,2020-09-16,124,SP,Sagres,3544707,city,6,246.711,0,0,0,0,2432,True,False
38,2020-09-16,121,SP,Sales,3544806,city,60,947.718,3,2,0,0.0333,6331,True,False
38,2020-09-16,121,SP,"Sales Oliveira",3544905,city,356,2994.11,37,4,0,0.0112,11890,True,False
38,2020-09-16,147,SP,Salesópolis,3545001,city,187,1091.08,1,10,0,0.0535,17139,True,False
38,2020-09-16,89,SP,Salmourão,3545100,city,8,150.943,0,0,0,0,5300,True,False
38,2020-09-16,141,SP,Saltinho,3545159,city,107,1291.33,1,2,0,0.0187,8286,True,False
38,2020-09-16,163,SP,Salto,3545209,city,2470,2081.52,25,47,1,0.019,118663,True,False
38,2020-09-16,170,SP,"Salto de Pirapora",3545308,city,877,1930.78,11,20,1,0.0228,45422,True,False
38,2020-09-16,140,SP,"Salto Grande",3545407,city,57,610.867,1,1,0,0.0175,9331,True,False
38,2020-09-16,79,SP,Sandovalina,3545506,city,43,999.535,2,1,0,0.0233,4302,True,False
38,2020-09-16,122,SP,"Santa Adélia",3545605,city,301,1944.44,6,4,0,0.0133,15480,True,False
38,2020-09-16,89,SP,"Santa Albertina",3545704,city,142,2363.52,1,0,0,0,6008,True,False
38,2020-09-16,160,SP,"Santa Bárbara d'Oeste",3545803,city,5003,2585.86,84,155,4,0.031,193475,True,False
38,2020-09-16,166,SP,"Santa Branca",3546009,city,183,1237.49,3,5,0,0.0273,14788,True,False
38,2020-09-16,127,SP,"Santa Clara d'Oeste",3546108,city,45,2127.66,3,3,0,0.0667,2115,True,False
38,2020-09-16,145,SP,"Santa Cruz da Conceição",3546207,city,110,2442.82,3,0,0,0,4503,True,False
38,2020-09-16,133,SP,"Santa Cruz da Esperança",3546256,city,13,607.761,0,1,0,0.0769,2139,True,False
38,2020-09-16,135,SP,"Santa Cruz das Palmeiras",3546306,city,1392,4051.1,1,17,1,0.0122,34361,True,False
38,2020-09-16,164,SP,"Santa Cruz do Rio Pardo",3546405,city,713,1495.61,4,5,0,0.007,47673,True,False
38,2020-09-16,98,SP,"Santa Ernestina",3546504,city,136,2429.01,3,1,0,0.0074,5599,True,False
38,2020-09-16,143,SP,"Santa Fé do Sul",3546603,city,842,2605.04,12,29,0,0.0344,32322,True,False
38,2020-09-16,154,SP,"Santa Gertrudes",3546702,city,853,3171.24,0,14,0,0.0164,26898,True,False
38,2020-09-16,170,SP,"Santa Isabel",3546801,city,1168,2035.34,8,68,1,0.0582,57386,True,False
38,2020-09-16,159,SP,"Santa Lúcia",3546900,city,45,510.378,0,2,0,0.0444,8817,True,False
38,2020-09-16,140,SP,"Santa Maria da Serra",3547007,city,109,1765.75,3,1,0,0.0092,6173,True,False
38,2020-09-16,67,SP,"Santa Mercedes",3547106,city,8,272.201,1,1,0,0.125,2939,True,False
38,2020-09-16,113,SP,"Santana da Ponte Pensa",3547205,city,11,739.744,0,0,0,0,1487,True,False
38,2020-09-16,194,SP,"Santana de Parnaíba",3547304,city,3000,2151.35,25,95,1,0.0317,139447,True,False
38,2020-09-16,69,SP,"Santa Rita d'Oeste",3547403,city,24,960.769,-1,0,0,0,2498,True,False
38,2020-09-16,147,SP,"Santa Rita do Passa Quatro",3547502,city,258,936.241,8,8,0,0.031,27557,True,False
38,2020-09-16,116,SP,"Santa Rosa de Viterbo",3547601,city,189,712.133,4,2,0,0.0106,26540,True,False
38,2020-09-16,119,SP,"Santa Salete",3547650,city,46,2977.35,1,1,0,0.0217,1545,True,False
38,2020-09-16,134,SP,"Santo Anastácio",3547700,city,198,948.367,10,9,0,0.0455,20878,True,False
38,2020-09-16,185,SP,"Santo André",3547809,city,16084,2237.7,145,579,1,0.036,718773,True,False
38,2020-09-16,153,SP,"Santo Antônio da Alegria",3547908,city,48,692.741,6,3,0,0.0625,6929,True,False
38,2020-09-16,142,SP,"Santo Antônio de Posse",3548005,city,502,2153.58,7,5,0,0.01,23310,True,False
38,2020-09-16,145,SP,"Santo Antônio do Aracanguá",3548054,city,150,1781.47,1,6,0,0.04,8420,True,False
38,2020-09-16,132,SP,"Santo Antônio do Jardim",3548104,city,69,1158.88,1,2,0,0.029,5954,True,False
38,2020-09-16,145,SP,"Santo Antônio do Pinhal",3548203,city,67,983.703,4,3,0,0.0448,6811,True,False
38,2020-09-16,128,SP,"Santo Expedito",3548302,city,14,450.016,0,0,0,0,3111,True,False
38,2020-09-16,120,SP,"Santópolis do Aguapeí",3548401,city,55,1151.35,9,1,0,0.0182,4777,True,False
38,2020-09-16,171,SP,Santos,3548500,city,20437,4716.47,157,601,3,0.0294,433311,True,False
38,2020-09-16,125,SP,"São Bento do Sapucaí",3548609,city,50,459.643,0,0,0,0,10878,True,False
38,2020-09-16,185,SP,"São Bernardo do Campo",3548708,city,23701,2825.13,137,853,1,0.036,838936,True,False
38,2020-09-16,185,SP,"São Caetano do Sul",3548807,city,4276,2653.81,75,185,2,0.0433,161127,True,False
38,2020-09-16,164,SP,"São Carlos",3548906,city,2479,983.797,4,42,0,0.0169,251983,True,False
38,2020-09-16,105,SP,"São Francisco",3549003,city,62,2197.8,5,4,0,0.0645,2821,True,False
38,2020-09-16,161,SP,"São João da Boa Vista",3549102,city,607,665.49,42,17,0,0.028,91211,True,False
38,2020-09-16,127,SP,"São João das Duas Pontes",3549201,city,71,2764.8,0,3,0,0.0423,2568,True,False
38,2020-09-16,103,SP,"São João de Iracema",3549250,city,42,2185.22,2,1,0,0.0238,1922,True,False
38,2020-09-16,126,SP,"São João do Pau d'Alho",3549300,city,3,142.518,0,0,0,0,2105,True,False
38,2020-09-16,154,SP,"São Joaquim da Barra",3549409,city,903,1740.29,10,19,0,0.021,51888,True,False
38,2020-09-16,113,SP,"São José da Bela Vista",3549508,city,42,470.43,1,4,0,0.0952,8928,True,False
38,2020-09-16,47,SP,"São José do Barreiro",3549607,city,20,482.276,0,2,0,0.1,4147,True,False
38,2020-09-16,170,SP,"São José do Rio Pardo",3549706,city,406,738.907,43,18,0,0.0443,54946,True,False
38,2020-09-16,183,SP,"São José do Rio Preto",3549805,city,19719,4280.5,156,542,2,0.0275,460671,True,False
38,2020-09-16,183,SP,"São José dos Campos",3549904,city,15545,2153.21,310,393,4,0.0253,721944,True,False
38,2020-09-16,149,SP,"São Lourenço da Serra",3549953,city,201,1270.14,-1,6,0,0.0299,15825,True,False
38,2020-09-16,133,SP,"São Luiz do Paraitinga",3550001,city,17,159.072,0,5,0,0.2941,10687,True,False
38,2020-09-16,166,SP,"São Manuel",3550100,city,279,681.252,0,9,0,0.0323,40954,True,False
38,2020-09-16,160,SP,"São Miguel Arcanjo",3550209,city,262,795.603,0,8,0,0.0305,32931,True,False
38,2020-09-16,205,SP,"São Paulo",3550308,city,277683,2266.43,1442,12213,85,0.044,12252023,True,False
38,2020-09-16,171,SP,"São Pedro",3550407,city,489,1371.55,7,10,1,0.0204,35653,True,False
38,2020-09-16,138,SP,"São Pedro do Turvo",3550506,city,149,1943.65,0,0,0,0,7666,True,False
38,2020-09-16,163,SP,"São Roque",3550605,city,696,764.701,6,21,0,0.0302,91016,True,False
38,2020-09-16,176,SP,"São Sebastião",3550704,city,1452,1631.83,9,32,0,0.022,88980,True,False
38,2020-09-16,147,SP,"São Sebastião da Grama",3550803,city,167,1370.88,0,4,0,0.024,12182,True,False
38,2020-09-16,118,SP,"São Simão",3550902,city,173,1129.1,1,4,0,0.0231,15322,True,False
38,2020-09-16,170,SP,"São Vicente",3551009,city,6392,1747.41,63,392,8,0.0613,365798,True,False
38,2020-09-16,141,SP,Sarapuí,3551108,city,15,145.843,1,1,0,0.0667,10285,True,False
38,2020-09-16,134,SP,Sarutaiá,3551207,city,59,1621.77,0,2,0,0.0339,3638,True,False
38,2020-09-16,101,SP,"Sebastianópolis do Sul",3551306,city,49,1394.82,0,0,0,0,3513,True,False
38,2020-09-16,132,SP,"Serra Azul",3551405,city,151,1029.87,0,3,0,0.0199,14662,True,False
38,2020-09-16,152,SP,Serrana,3551504,city,906,2008.56,3,42,0,0.0464,45107,True,False
38,2020-09-16,146,SP,"Serra Negra",3551603,city,175,598.72,1,1,0,0.0057,29229,True,False
38,2020-09-16,162,SP,Sertãozinho,3551702,city,3953,3141.91,17,100,2,0.0253,125815,True,False
38,2020-09-16,135,SP,"Sete Barras",3551801,city,313,2439.21,5,6,0,0.0192,12832,True,False
38,2020-09-16,127,SP,Severínia,3551900,city,596,3406.49,13,9,0,0.0151,17496,True,False
38,2020-09-16,129,SP,Silveiras,3552007,city,37,587.115,0,0,0,0,6302,True,False
38,2020-09-16,145,SP,Socorro,3552106,city,429,1046.21,4,9,0,0.021,41005,True,False
38,2020-09-16,174,SP,Sorocaba,3552205,city,14614,2151.09,99,374,3,0.0256,679378,True,False
38,2020-09-16,135,SP,"Sud Mennucci",3552304,city,149,1930.55,0,0,0,0,7718,True,False
38,2020-09-16,163,SP,Sumaré,3552403,city,5754,2037.24,40,158,0,0.0275,282441,True,False
38,2020-09-16,85,SP,Suzanápolis,3552551,city,44,1110.27,1,0,0,0,3963,True,False
38,2020-09-16,182,SP,Suzano,3552502,city,4468,1501.16,32,223,3,0.0499,297637,True,False
38,2020-09-16,128,SP,Tabapuã,3552601,city,373,3006.37,0,13,0,0.0349,12407,True,False
38,2020-09-16,134,SP,Tabatinga,3552700,city,253,1533.71,9,6,0,0.0237,16496,True,False
38,2020-09-16,176,SP,"Taboão da Serra",3552809,city,6530,2254.34,14,270,1,0.0413,289664,True,False
38,2020-09-16,89,SP,Taciba,3552908,city,64,1018.3,4,2,0,0.0312,6285,True,False
38,2020-09-16,132,SP,Taguaí,3553005,city,134,966.881,2,1,0,0.0075,13859,True,False
38,2020-09-16,154,SP,Taiaçu,3553104,city,166,2637.01,0,1,0,0.006,6295,True,False
38,2020-09-16,120,SP,Taiúva,3553203,city,272,4886.81,1,3,0,0.011,5566,True,False
38,2020-09-16,127,SP,Tambaú,3553302,city,361,1555.57,4,8,0,0.0222,23207,True,False
38,2020-09-16,162,SP,Tanabi,3553401,city,1117,4301.61,15,21,0,0.0188,25967,True,False
38,2020-09-16,133,SP,Tapiraí,3553500,city,152,1946.97,3,2,0,0.0132,7807,True,False
38,2020-09-16,134,SP,Tapiratiba,3553609,city,149,1149.69,2,1,0,0.0067,12960,True,False
38,2020-09-16,106,SP,Taquaral,3553658,city,81,2881.54,0,1,0,0.0123,2811,True,False
38,2020-09-16,151,SP,Taquaritinga,3553708,city,611,1068.61,5,19,1,0.0311,57177,True,False
38,2020-09-16,152,SP,Taquarituba,3553807,city,100,430.7,0,3,0,0.03,23218,True,False
38,2020-09-16,132,SP,Taquarivaí,3553856,city,38,649.351,0,0,0,0,5852,True,False
38,2020-09-16,152,SP,Tarabai,3553906,city,121,1620.25,4,3,0,0.0248,7468,True,False
38,2020-09-16,139,SP,Tarumã,3553955,city,137,913.333,6,2,0,0.0146,15000,True,False
38,2020-09-16,175,SP,Tatuí,3554003,city,2013,1653.17,17,57,2,0.0283,121766,True,False
38,2020-09-16,182,SP,Taubaté,3554102,city,3452,1096.14,61,122,0,0.0353,314924,True,False
38,2020-09-16,122,SP,Tejupá,3554201,city,17,375.11,0,0,0,0,4532,True,False
38,2020-09-16,132,SP,"Teodoro Sampaio",3554300,city,232,1002.25,9,6,0,0.0259,23148,True,False
38,2020-09-16,165,SP,"Terra Roxa",3554409,city,246,2625.4,3,4,1,0.0163,9370,True,False
38,2020-09-16,139,SP,Tietê,3554508,city,558,1326.17,4,13,0,0.0233,42076,True,False
38,2020-09-16,140,SP,Timburi,3554607,city,12,451.467,0,1,0,0.0833,2658,True,False
38,2020-09-16,134,SP,"Torre de Pedra",3554656,city,16,663.35,1,2,0,0.125,2412,True,False
38,2020-09-16,134,SP,Torrinha,3554706,city,147,1468.53,2,4,0,0.0272,10010,True,False
38,2020-09-16,123,SP,Trabiju,3554755,city,22,1276.1,0,0,0,0,1724,True,False
38,2020-09-16,127,SP,Tremembé,3554805,city,261,553.142,5,3,1,0.0115,47185,True,False
38,2020-09-16,120,SP,"Três Fronteiras",3554904,city,212,3650.77,3,9,0,0.0425,5807,True,False
38,2020-09-16,145,SP,Tuiuti,3554953,city,56,812.301,0,0,0,0,6894,True,False
38,2020-09-16,160,SP,Tupã,3555000,city,694,1059.15,7,34,0,0.049,65524,True,False
38,2020-09-16,142,SP,"Tupi Paulista",3555109,city,151,974.508,4,1,0,0.0066,15495,True,False
38,2020-09-16,92,SP,Turiúba,3555208,city,24,1190.48,0,1,0,0.0417,2016,True,False
38,2020-09-16,106,SP,Turmalina,3555307,city,23,1331.79,1,0,0,0,1727,True,False
38,2020-09-16,98,SP,Ubarana,3555356,city,226,3582.18,2,3,0,0.0133,6309,True,False
38,2020-09-16,157,SP,Ubatuba,3555406,city,1170,1288.56,11,31,0,0.0265,90799,True,False
38,2020-09-16,132,SP,Ubirajara,3555505,city,66,1380.75,0,1,0,0.0152,4780,True,False
38,2020-09-16,135,SP,Uchoa,3555604,city,289,2858.56,0,9,0,0.0311,10110,True,False
38,2020-09-16,133,SP,"União Paulista",3555703,city,53,2874.19,0,2,0,0.0377,1844,True,False
38,2020-09-16,116,SP,Urânia,3555802,city,290,3181.92,3,11,0,0.0379,9114,True,False
38,2020-09-16,134,SP,Uru,3555901,city,58,4978.54,0,2,0,0.0345,1165,True,False
38,2020-09-16,126,SP,Urupês,3556008,city,184,1332.46,13,7,0,0.038,13809,True,False
38,2020-09-16,124,SP,"Valentim Gentil",3556107,city,604,4532.49,16,7,0,0.0116,13326,True,False
38,2020-09-16,176,SP,Valinhos,3556206,city,2617,2025.65,16,81,0,0.031,129193,True,False
38,2020-09-16,131,SP,Valparaíso,3556305,city,517,1952.42,15,14,0,0.0271,26480,True,False
38,2020-09-16,141,SP,Vargem,3556354,city,68,645.345,9,1,0,0.0147,10537,True,False
38,2020-09-16,139,SP,"Vargem Grande do Sul",3556404,city,467,1089.98,14,6,0,0.0128,42845,True,False
38,2020-09-16,182,SP,"Vargem Grande Paulista",3556453,city,495,941.118,14,24,1,0.0485,52597,True,False
38,2020-09-16,156,SP,"Várzea Paulista",3556503,city,1612,1323.07,4,68,0,0.0422,121838,True,False
38,2020-09-16,93,SP,"Vera Cruz",3556602,city,75,691.69,1,2,0,0.0267,10843,True,False
38,2020-09-16,170,SP,Vinhedo,3556701,city,1707,2168.22,20,33,2,0.0193,78728,True,False
38,2020-09-16,132,SP,Viradouro,3556800,city,315,1666.84,3,7,0,0.0222,18898,True,False
38,2020-09-16,149,SP,"Vista Alegre do Alto",3556909,city,174,1975.03,2,3,0,0.0172,8810,True,False
38,2020-09-16,88,SP,"Vitória Brasil",3556958,city,23,1250,1,0,0,0,1840,True,False
38,2020-09-16,170,SP,Votorantim,3557006,city,2160,1763.55,12,78,1,0.0361,122480,True,False
38,2020-09-16,170,SP,Votuporanga,3557105,city,3947,4174.64,51,78,3,0.0198,94547,True,False
38,2020-09-16,119,SP,Zacarias,3557154,city,78,2869.76,1,1,0,0.0128,2718,True,False
38,2020-09-15,171,AC,Acrelândia,1200013,city,448,2936.55,2,9,0,0.0201,15256,True,False
38,2020-09-15,138,AC,"Assis Brasil",1200054,city,562,7577.19,2,9,0,0.016,7417,True,False
38,2020-09-15,130,AC,Brasiléia,1200104,city,1153,4387.7,1,20,1,0.0173,26278,True,False
38,2020-09-15,161,AC,Bujari,1200138,city,371,3613.87,0,7,0,0.0189,10266,True,False
38,2020-09-15,131,AC,Capixaba,1200179,city,249,2122.22,1,7,0,0.0281,11733,True,False
38,2020-09-15,156,AC,"Cruzeiro do Sul",1200203,city,3282,3713.68,8,59,0,0.018,88376,True,False
38,2020-09-15,132,AC,Epitaciolândia,1200252,city,492,2672.32,0,13,0,0.0264,18411,True,False
38,2020-09-15,137,AC,Feijó,1200302,city,1190,3421.51,2,18,0,0.0151,34780,True,False
38,2020-09-15,121,AC,Jordão,1200328,city,180,2164.24,0,1,0,0.0056,8317,True,False
38,2020-09-15,140,AC,"Mâncio Lima",1200336,city,828,4363.18,8,11,0,0.0133,18977,True,False
38,2020-09-15,126,AC,"Manoel Urbano",1200344,city,283,2991.86,2,2,0,0.0071,9459,True,False
38,2020-09-15,127,AC,"Marechal Thaumaturgo",1200351,city,409,2167.81,6,1,0,0.0024,18867,True,False
38,2020-09-15,163,AC,"Plácido de Castro",1200385,city,408,2064.67,0,8,0,0.0196,19761,True,False
38,2020-09-15,171,AC,"Porto Acre",1200807,city,505,2729.14,0,15,0,0.0297,18504,True,False
38,2020-09-15,126,AC,"Porto Walter",1200393,city,298,2487.06,3,2,0,0.0067,11982,True,False
38,2020-09-15,183,AC,"Rio Branco",1200401,city,10305,2529.96,33,400,1,0.0388,407319,True,False
38,2020-09-15,127,AC,"Rodrigues Alves",1200427,city,147,776.545,0,7,0,0.0476,18930,True,False
38,2020-09-15,131,AC,"Santa Rosa do Purus",1200435,city,340,5198.78,5,2,0,0.0059,6540,True,False
38,2020-09-15,150,AC,"Senador Guiomard",1200450,city,513,2228.11,5,12,0,0.0234,23024,True,False
38,2020-09-15,135,AC,"Sena Madureira",1200500,city,1496,3262.96,17,12,0,0.008,45848,True,False
38,2020-09-15,137,AC,Tarauacá,1200609,city,1738,4082.98,8,14,0,0.0081,42567,True,False
38,2020-09-15,140,AC,Xapuri,1200708,city,1090,5640.95,8,13,0,0.0119,19323,True,False
38,2020-09-15,137,RO,"Alta Floresta D'Oeste",1100015,city,691,3011.55,19,10,0,0.0145,22945,True,False
38,2020-09-15,135,RO,"Alto Alegre dos Parecis",1100379,city,187,1412.28,3,8,1,0.0428,13241,True,False
38,2020-09-15,151,RO,"Alto Paraíso",1100403,city,352,1642.71,7,8,1,0.0227,21428,True,False
38,2020-09-15,133,RO,"Alvorada D'Oeste",1100346,city,121,839.636,3,7,0,0.0579,14411,True,False
38,2020-09-15,159,RO,Ariquemes,1100023,city,5044,4676.3,44,84,0,0.0167,107863,True,False
38,2020-09-15,153,RO,Buritis,1100452,city,659,1661.88,19,8,0,0.0121,39654,True,False
38,2020-09-15,137,RO,Cabixi,1100031,city,93,1750.75,2,5,0,0.0538,5312,True,False
38,2020-09-15,127,RO,Cacaulândia,1100601,city,79,1268.06,1,0,0,0,6230,True,False
38,2020-09-15,139,RO,Cacoal,1100049,city,2052,2403.96,39,30,1,0.0146,85359,True,False
38,2020-09-15,137,RO,"Campo Novo de Rondônia",1100700,city,147,1039.68,0,5,0,0.034,14139,True,False
38,2020-09-15,143,RO,"Candeias do Jamari",1100809,city,1377,5158.66,12,25,0,0.0182,26693,True,False
38,2020-09-15,97,RO,Castanheiras,1100908,city,69,2260.81,0,1,0,0.0145,3052,True,False
38,2020-09-15,117,RO,Cerejeiras,1100056,city,237,1451.94,7,6,0,0.0253,16323,True,False
38,2020-09-15,105,RO,Chupinguaia,1100924,city,656,5866.57,7,5,0,0.0076,11182,True,False
38,2020-09-15,102,RO,"Colorado do Oeste",1100064,city,170,1070.39,6,2,0,0.0118,15882,True,False
38,2020-09-15,102,RO,Corumbiara,1100072,city,36,487.079,0,3,0,0.0833,7391,True,False
38,2020-09-15,115,RO,"Costa Marques",1100080,city,274,1494.74,-1,6,1,0.0219,18331,True,False
38,2020-09-15,140,RO,Cujubim,1100940,city,316,1253.22,0,7,0,0.0222,25215,True,False
38,2020-09-15,138,RO,"Espigão D'Oeste",1100098,city,511,1578.43,7,10,0,0.0196,32374,True,False
38,2020-09-15,139,RO,"Governador Jorge Teixeira",1101005,city,96,1236,0,2,0,0.0208,7767,True,False
38,2020-09-15,139,RO,Guajará-Mirim,1100106,city,2905,6291.42,8,87,0,0.0299,46174,True,False
38,2020-09-15,142,RO,"Itapuã do Oeste",1101104,city,353,3375.41,0,6,0,0.017,10458,True,False
38,2020-09-15,170,RO,Jaru,1100114,city,1682,3248.67,2,24,0,0.0143,51775,True,False
38,2020-09-15,180,RO,Ji-Paraná,1100122,city,2525,1957.83,60,64,4,0.0253,128969,True,False
38,2020-09-15,135,RO,"Machadinho D'Oeste",1100130,city,1172,2930.66,35,6,0,0.0051,39991,True,False
38,2020-09-15,116,RO,"Ministro Andreazza",1101203,city,34,351.967,1,1,0,0.0294,9660,True,False
38,2020-09-15,136,RO,"Mirante da Serra",1101302,city,111,1013.98,5,3,0,0.027,10947,True,False
38,2020-09-15,133,RO,"Monte Negro",1101401,city,246,1551.85,3,4,0,0.0163,15852,True,False
38,2020-09-15,133,RO,"Nova Brasilândia D'Oeste",1100148,city,310,1514.12,7,3,1,0.0097,20474,True,False
38,2020-09-15,127,RO,"Nova Mamoré",1100338,city,1031,3371.15,5,8,1,0.0078,30583,True,False
38,2020-09-15,112,RO,"Nova União",1101435,city,172,2467.72,7,2,0,0.0116,6970,True,False
38,2020-09-15,139,RO,"Novo Horizonte do Oeste",1100502,city,53,620.754,0,1,0,0.0189,8538,True,False
38,2020-09-15,161,RO,"Ouro Preto do Oeste",1100155,city,892,2475.37,14,23,1,0.0258,36035,True,False
38,2020-09-15,86,RO,Parecis,1101450,city,18,296.345,0,1,0,0.0556,6074,True,False
38,2020-09-15,148,RO,"Pimenta Bueno",1100189,city,644,1756.68,3,12,0,0.0186,36660,True,False
38,2020-09-15,114,RO,"Pimenteiras do Oeste",1101468,city,177,8160.44,1,6,0,0.0339,2169,True,False
38,2020-09-15,179,RO,"Porto Velho",1100205,city,28447,5371.98,58,680,3,0.0239,529544,True,False
38,2020-09-15,127,RO,"Presidente Médici",1100254,city,453,2385.97,0,8,0,0.0177,18986,True,False
38,2020-09-15,138,RO,"Primavera de Rondônia",1101476,city,20,700.28,0,1,0,0.05,2856,True,False
38,2020-09-15,122,RO,"Rio Crespo",1100262,city,126,3347.5,0,0,0,0,3764,True,False
38,2020-09-15,164,RO,"Rolim de Moura",1100288,city,1404,2550.04,10,17,1,0.0121,55058,True,False
38,2020-09-15,124,RO,"Santa Luzia D'Oeste",1100296,city,136,2093.92,1,1,0,0.0074,6495,True,False
38,2020-09-15,131,RO,"São Felipe D'Oeste",1101484,city,77,1488.79,0,1,0,0.013,5172,True,False
38,2020-09-15,120,RO,"São Francisco do Guaporé",1101492,city,199,981.94,9,3,0,0.0151,20266,True,False
38,2020-09-15,127,RO,"São Miguel do Guaporé",1100320,city,877,3812.21,4,16,0,0.0182,23005,True,False
38,2020-09-15,119,RO,Seringueiras,1101500,city,127,1071.19,4,0,0,0,11856,True,False
38,2020-09-15,102,RO,Teixeirópolis,1101559,city,34,789.229,6,1,0,0.0294,4308,True,False
38,2020-09-15,132,RO,Theobroma,1101609,city,104,995.787,1,0,0,0,10444,True,False
38,2020-09-15,146,RO,Urupá,1101708,city,176,1534.84,1,3,0,0.017,11467,True,False
38,2020-09-15,138,RO,"Vale do Anari",1101757,city,146,1303.11,-1,1,0,0.0068,11204,True,False
38,2020-09-15,120,RO,"Vale do Paraíso",1101807,city,83,1216.12,0,2,0,0.0241,6825,True,False
38,2020-09-15,164,RO,Vilhena,1100304,city,3359,3363.91,95,52,1,0.0155,99854,True,False
38,2020-09-15,162,RR,"Alto Alegre",1400050,city,600,3868.47,8,14,0,0.0233,15510,True,False
38,2020-09-15,134,RR,Amajari,1400027,city,342,2672.71,6,8,0,0.0234,12796,True,False
38,2020-09-15,179,RR,"Boa Vista",1400100,city,34964,8758.23,216,475,0,0.0136,399213,True,False
38,2020-09-15,176,RR,Bonfim,1400159,city,758,6108.47,3,12,0,0.0158,12409,True,False
38,2020-09-15,167,RR,Cantá,1400175,city,1000,5454.05,22,9,0,0.009,18335,True,False
38,2020-09-15,139,RR,Caracaraí,1400209,city,1100,5016.88,10,9,0,0.0082,21926,True,False
38,2020-09-15,148,RR,Caroebe,1400233,city,939,9233.95,1,6,0,0.0064,10169,True,False
38,2020-09-15,134,RR,Iracema,1400282,city,292,2443.51,0,4,0,0.0137,11950,True,False
38,2020-09-15,153,RR,Mucajaí,1400308,city,1164,6519.91,0,12,0,0.0103,17853,True,False
38,2020-09-15,134,RR,Normandia,1400407,city,333,2949.51,6,9,0,0.027,11290,True,False
38,2020-09-15,158,RR,Pacaraima,1400456,city,1457,8373.08,11,26,0,0.0178,17401,True,False
38,2020-09-15,153,RR,Rorainópolis,1400472,city,1569,5201.74,6,20,0,0.0127,30163,True,False
38,2020-09-15,134,RR,"São João da Baliza",1400506,city,784,9559.81,4,3,0,0.0038,8201,True,False
38,2020-09-15,152,RR,"São Luiz",1400605,city,217,2717.26,0,2,0,0.0092,7986,True,False
38,2020-09-15,134,RR,Uiramutã,1400704,city,750,7102.95,19,2,0,0.0027,10559,True,False
38,2020-09-15,110,SC,"Abdon Batista",4200051,city,120,4682.01,0,0,0,0,2563,True,False
38,2020-09-15,128,SC,"Abelardo Luz",4200101,city,321,1792.9,0,5,0,0.0156,17904,True,False
38,2020-09-15,113,SC,Agrolândia,4200200,city,172,1583.21,0,5,0,0.0291,10864,True,False
38,2020-09-15,121,SC,Agronômica,4200309,city,83,1523.49,0,3,0,0.0361,5448,True,False
38,2020-09-15,136,SC,"Água Doce",4200408,city,123,1721.48,0,3,0,0.0244,7145,True,False
38,2020-09-15,141,SC,"Águas de Chapecó",4200507,city,48,740.055,0,0,0,0,6486,True,False
38,2020-09-15,113,SC,"Águas Frias",4200556,city,76,3212.17,9,0,0,0,2366,True,False
38,2020-09-15,163,SC,"Águas Mornas",4200606,city,152,2349.67,0,2,0,0.0132,6469,True,False
38,2020-09-15,113,SC,"Alfredo Wagner",4200705,city,189,1883.22,5,1,0,0.0053,10036,True,False
38,2020-09-15,137,SC,"Alto Bela Vista",4200754,city,20,1032.52,0,0,0,0,1937,True,False
38,2020-09-15,125,SC,Anchieta,4200804,city,31,549.84,0,1,0,0.0323,5638,True,False
38,2020-09-15,81,SC,Angelina,4200903,city,92,1916.27,1,0,0,0,4801,True,False
38,2020-09-15,162,SC,"Anita Garibaldi",4201000,city,239,3350.62,0,1,0,0.0042,7133,True,False
38,2020-09-15,83,SC,Anitápolis,4201109,city,55,1701.73,0,0,0,0,3232,True,False
38,2020-09-15,173,SC,"Antônio Carlos",4201208,city,275,3230.35,2,11,0,0.04,8513,True,False
38,2020-09-15,98,SC,Apiúna,4201257,city,81,753.979,0,3,0,0.037,10743,True,False
38,2020-09-15,153,SC,Arabutã,4201273,city,74,1734.24,0,1,0,0.0135,4267,True,False
38,2020-09-15,141,SC,Araquari,4201307,city,803,2106.01,-1,11,0,0.0137,38129,True,False
38,2020-09-15,166,SC,Araranguá,4201406,city,2022,2963.59,11,40,1,0.0198,68228,True,False
38,2020-09-15,153,SC,Armazém,4201505,city,250,2882.18,1,5,0,0.02,8674,True,False
38,2020-09-15,104,SC,"Arroio Trinta",4201604,city,63,1774.65,0,0,0,0,3550,True,False
38,2020-09-15,135,SC,Arvoredo,4201653,city,47,2098.21,1,1,0,0.0213,2240,True,False
38,2020-09-15,111,SC,Ascurra,4201703,city,140,1764.56,0,2,0,0.0143,7934,True,False
38,2020-09-15,122,SC,Atalanta,4201802,city,35,1090.34,0,0,0,0,3210,True,False
38,2020-09-15,160,SC,Aurora,4201901,city,69,1215,0,0,0,0,5679,True,False
38,2020-09-15,175,SC,"Balneário Arroio do Silva",4201950,city,391,2991.35,2,6,0,0.0153,13071,True,False
38,2020-09-15,145,SC,"Balneário Barra do Sul",4202057,city,472,4372.39,4,4,0,0.0085,10795,True,False
38,2020-09-15,182,SC,"Balneário Camboriú",4202008,city,6988,4910.92,19,86,0,0.0123,142295,True,False
38,2020-09-15,165,SC,"Balneário Gaivota",4202073,city,154,1402.68,0,6,0,0.039,10979,True,False
38,2020-09-15,160,SC,"Balneário Piçarras",4212809,city,761,3287.68,2,9,0,0.0118,23147,True,False
38,2020-09-15,134,SC,"Balneário Rincão",4220000,city,361,2829.15,2,9,0,0.0249,12760,True,False
38,2020-09-15,66,SC,Bandeirante,4202081,city,10,373.413,0,0,0,0,2678,True,False
38,2020-09-15,35,SC,"Barra Bonita",4202099,city,3,178.891,0,0,0,0,1677,True,False
38,2020-09-15,160,SC,"Barra Velha",4202107,city,717,2458.17,2,14,0,0.0195,29168,True,False
38,2020-09-15,100,SC,"Bela Vista do Toldo",4202131,city,6,94.682,0,0,0,0,6337,True,False
38,2020-09-15,74,SC,Belmonte,4202156,city,5,184.775,0,0,0,0,2706,True,False
38,2020-09-15,137,SC,"Benedito Novo",4202206,city,146,1253,0,2,0,0.0137,11652,True,False
38,2020-09-15,167,SC,Biguaçu,4202305,city,1958,2859.19,9,33,0,0.0169,68481,True,False
38,2020-09-15,178,SC,Blumenau,4202404,city,11205,3136.91,68,148,2,0.0132,357199,True,False
38,2020-09-15,103,SC,"Bocaina do Sul",4202438,city,27,777.202,0,2,0,0.0741,3474,True,False
38,2020-09-15,134,SC,Bombinhas,4202453,city,1150,5817.19,2,8,0,0.007,19769,True,False
38,2020-09-15,105,SC,"Bom Jardim da Serra",4202503,city,102,2150.54,0,1,0,0.0098,4743,True,False
38,2020-09-15,99,SC,"Bom Jesus",4202537,city,89,2956.81,0,0,0,0,3010,True,False
38,2020-09-15,58,SC,"Bom Jesus do Oeste",4202578,city,23,1073.76,0,1,0,0.0435,2142,True,False
38,2020-09-15,89,SC,"Bom Retiro",4202602,city,91,913.105,0,4,0,0.044,9966,True,False
38,2020-09-15,163,SC,Botuverá,4202701,city,153,2916.51,0,0,0,0,5246,True,False
38,2020-09-15,185,SC,"Braço do Norte",4202800,city,2181,6520.18,6,16,0,0.0073,33450,True,False
38,2020-09-15,99,SC,"Braço do Trombudo",4202859,city,46,1228.96,0,1,0,0.0217,3743,True,False
38,2020-09-15,101,SC,Brunópolis,4202875,city,28,1157.02,0,1,0,0.0357,2420,True,False
38,2020-09-15,172,SC,Brusque,4202909,city,5367,3983.73,67,54,2,0.0101,134723,True,False
38,2020-09-15,160,SC,Caçador,4203006,city,686,872.829,20,19,0,0.0277,78595,True,False
38,2020-09-15,112,SC,Caibi,4203105,city,41,666.884,0,2,0,0.0488,6148,True,False
38,2020-09-15,81,SC,Calmon,4203154,city,8,239.091,0,0,0,0,3346,True,False
38,2020-09-15,175,SC,Camboriú,4203204,city,2604,3137.77,21,42,0,0.0161,82989,True,False
38,2020-09-15,134,SC,"Campo Alegre",4203303,city,163,1360.83,1,5,0,0.0307,11978,True,False
38,2020-09-15,69,SC,"Campo Belo do Sul",4203402,city,81,1154.5,0,1,0,0.0123,7016,True,False
38,2020-09-15,134,SC,"Campo Erê",4203501,city,84,985.222,4,0,0,0,8526,True,False
38,2020-09-15,121,SC,"Campos Novos",4203600,city,1318,3636.46,4,15,0,0.0114,36244,True,False
38,2020-09-15,175,SC,Canelinha,4203709,city,502,4101.31,3,8,0,0.0159,12240,True,False
38,2020-09-15,133,SC,Canoinhas,4203808,city,517,950.35,3,9,0,0.0174,54401,True,False
38,2020-09-15,70,SC,"Capão Alto",4203253,city,10,396.04,0,1,0,0.1,2525,True,False
38,2020-09-15,116,SC,Capinzal,4203907,city,1773,7759.98,14,8,1,0.0045,22848,True,False
38,2020-09-15,156,SC,"Capivari de Baixo",4203956,city,893,3590.53,0,12,1,0.0134,24871,True,False
38,2020-09-15,151,SC,Catanduvas,4204004,city,181,1666.51,1,1,0,0.0055,10861,True,False
38,2020-09-15,136,SC,"Caxambu do Sul",4204103,city,92,2526.08,5,1,0,0.0109,3642,True,False
38,2020-09-15,79,SC,"Celso Ramos",4204152,city,81,2969.21,0,1,0,0.0123,2728,True,False
38,2020-09-15,56,SC,"Cerro Negro",4204178,city,43,1376.44,1,0,0,0,3124,True,False
38,2020-09-15,56,SC,"Chapadão do Lageado",4204194,city,32,1070.95,0,1,0,0.0312,2988,True,False
38,2020-09-15,180,SC,Chapecó,4204202,city,6328,2871.57,26,58,1,0.0092,220367,True,False
38,2020-09-15,160,SC,"Cocal do Sul",4204251,city,404,2421.48,8,15,0,0.0371,16684,True,False
38,2020-09-15,153,SC,Concórdia,4204301,city,2882,3861.15,15,22,0,0.0076,74641,True,False
38,2020-09-15,125,SC,"Cordilheira Alta",4204350,city,63,1414.78,0,1,0,0.0159,4453,True,False
38,2020-09-15,131,SC,"Coronel Freitas",4204400,city,224,2244.26,0,1,0,0.0045,9981,True,False
38,2020-09-15,106,SC,"Coronel Martins",4204459,city,8,313.849,0,0,0,0,2549,True,False
38,2020-09-15,105,SC,"Correia Pinto",4204558,city,302,2360.3,3,6,0,0.0199,12795,True,False
38,2020-09-15,116,SC,Corupá,4204509,city,325,2042.87,0,5,0,0.0154,15909,True,False
38,2020-09-15,180,SC,Criciúma,4204608,city,6482,3012.28,94,85,1,0.0131,215186,True,False
38,2020-09-15,134,SC,"Cunha Porã",4204707,city,99,893.018,0,0,0,0,11086,True,False
38,2020-09-15,108,SC,Cunhataí,4204756,city,7,356.779,0,0,0,0,1962,True,False
38,2020-09-15,113,SC,Curitibanos,4204806,city,621,1562.46,2,8,0,0.0129,39745,True,False
38,2020-09-15,111,SC,Descanso,4204905,city,98,1187.88,1,1,0,0.0102,8250,True,False
38,2020-09-15,116,SC,"Dionísio Cerqueira",4205001,city,82,529.101,0,4,0,0.0488,15498,True,False
38,2020-09-15,108,SC,"Dona Emma",4205100,city,108,2604.92,1,0,0,0,4146,True,False
38,2020-09-15,110,SC,"Doutor Pedrinho",4205159,city,68,1673.23,0,2,0,0.0294,4064,True,False
38,2020-09-15,125,SC,"Entre Rios",4205175,city,305,9522.32,1,4,0,0.0131,3203,True,False
38,2020-09-15,102,SC,Ermo,4205191,city,73,3538.54,0,1,0,0.0137,2063,True,False
38,2020-09-15,104,SC,"Erval Velho",4205209,city,143,3241.16,0,3,0,0.021,4412,True,False
38,2020-09-15,142,SC,"Faxinal dos Guedes",4205308,city,375,3515.52,5,4,0,0.0107,10667,True,False
38,2020-09-15,90,SC,"Flor do Sertão",4205357,city,13,821.745,0,0,0,0,1582,True,False
38,2020-09-15,188,SC,Florianópolis,4205407,city,12195,2434.26,105,127,0,0.0104,500973,True,False
38,2020-09-15,72,SC,"Formosa do Sul",4205431,city,82,3266.93,0,1,0,0.0122,2510,True,False
38,2020-09-15,161,SC,Forquilhinha,4205456,city,865,3228.46,4,8,0,0.0092,26793,True,False
38,2020-09-15,141,SC,Fraiburgo,4205506,city,454,1245.78,11,8,0,0.0176,36443,True,False
38,2020-09-15,74,SC,"Frei Rogério",4205555,city,46,2273.85,0,2,0,0.0435,2023,True,False
38,2020-09-15,107,SC,Galvão,4205605,city,17,591.716,2,0,0,0,2873,True,False
38,2020-09-15,160,SC,Garopaba,4205704,city,360,1559.93,1,1,0,0.0028,23078,True,False
38,2020-09-15,139,SC,Garuva,4205803,city,485,2672.91,2,7,0,0.0144,18145,True,False
38,2020-09-15,177,SC,Gaspar,4205902,city,2708,3888.63,5,33,0,0.0122,69639,True,False
38,2020-09-15,166,SC,"Governador Celso Ramos",4206009,city,659,4553.94,4,7,0,0.0106,14471,True,False
38,2020-09-15,135,SC,"Grão Pará",4206108,city,190,2892.37,2,2,0,0.0105,6569,True,False
38,2020-09-15,179,SC,Gravatal,4206207,city,417,3625.77,1,6,0,0.0144,11501,True,False
38,2020-09-15,161,SC,Guabiruba,4206306,city,675,2832.33,15,8,0,0.0119,23832,True,False
38,2020-09-15,109,SC,Guaraciaba,4206405,city,110,1090.19,4,1,0,0.0091,10090,True,False
38,2020-09-15,160,SC,Guaramirim,4206504,city,1502,3351.26,12,18,0,0.012,44819,True,False
38,2020-09-15,91,SC,"Guarujá do Sul",4206603,city,10,193.798,1,0,0,0,5160,True,False
38,2020-09-15,134,SC,Guatambú,4206652,city,137,2912.42,0,0,0,0,4704,True,False
38,2020-09-15,151,SC,"Herval d'Oeste",4206702,city,730,3229.23,-1,11,1,0.0151,22606,True,False
38,2020-09-15,74,SC,Ibiam,4206751,city,25,1277.47,0,0,0,0,1957,True,False
38,2020-09-15,139,SC,Ibicaré,4206801,city,70,2186.13,0,1,0,0.0143,3202,True,False
38,2020-09-15,142,SC,Ibirama,4206900,city,408,2153.03,16,8,0,0.0196,18950,True,False
38,2020-09-15,177,SC,Içara,4207007,city,1349,2390.95,12,9,0,0.0067,56421,True,False
38,2020-09-15,152,SC,Ilhota,4207106,city,545,3842.36,6,3,0,0.0055,14184,True,False
38,2020-09-15,92,SC,Imaruí,4207205,city,134,1322.15,9,2,0,0.0149,10135,True,False
38,2020-09-15,180,SC,Imbituba,4207304,city,1214,2706.62,1,7,0,0.0058,44853,True,False
38,2020-09-15,120,SC,Imbuia,4207403,city,51,822.979,0,0,0,0,6197,True,False
38,2020-09-15,171,SC,Indaial,4207502,city,1570,2261.43,3,12,1,0.0076,69425,True,False
38,2020-09-15,81,SC,Iomerê,4207577,city,25,848.896,0,0,0,0,2945,True,False
38,2020-09-15,134,SC,Ipira,4207601,city,89,2001.8,0,1,0,0.0112,4446,True,False
38,2020-09-15,98,SC,"Iporã do Oeste",4207650,city,82,911.516,0,2,0,0.0244,8996,True,False
38,2020-09-15,122,SC,Ipuaçu,4207684,city,464,6175.14,0,3,0,0.0065,7514,True,False
38,2020-09-15,156,SC,Ipumirim,4207700,city,158,2080.86,0,0,0,0,7593,True,False
38,2020-09-15,92,SC,Iraceminha,4207759,city,75,1886.32,1,0,0,0,3976,True,False
38,2020-09-15,149,SC,Irani,4207809,city,118,1132.55,3,1,0,0.0085,10419,True,False
38,2020-09-15,166,SC,Irati,4207858,city,75,3886.01,1,2,0,0.0267,1930,True,False
38,2020-09-15,70,SC,Irineópolis,4207908,city,31,276.243,0,0,0,0,11222,True,False
38,2020-09-15,143,SC,Itá,4208005,city,122,1977.63,-1,1,-1,0.0082,6169,True,False
38,2020-09-15,152,SC,Itaiópolis,4208104,city,95,438.414,4,4,0,0.0421,21669,True,False
38,2020-09-15,179,SC,Itajaí,4208203,city,7091,3229.99,101,157,0,0.0221,219536,True,False
38,2020-09-15,174,SC,Itapema,4208302,city,3047,4665.3,11,61,0,0.02,65312,True,False
38,2020-09-15,165,SC,Itapiranga,4208401,city,444,2631.58,4,5,0,0.0113,16872,True,False
38,2020-09-15,117,SC,Itapoá,4208450,city,403,1958.59,3,8,0,0.0199,20576,True,False
38,2020-09-15,157,SC,Ituporanga,4208500,city,473,1885.51,15,7,0,0.0148,25086,True,False
38,2020-09-15,146,SC,Jaborá,4208609,city,76,1930.89,4,0,0,0,3936,True,False
38,2020-09-15,127,SC,"Jacinto Machado",4208708,city,197,1891.32,1,3,0,0.0152,10416,True,False
38,2020-09-15,179,SC,Jaguaruna,4208807,city,956,4774.27,1,7,0,0.0073,20024,True,False
38,2020-09-15,180,SC,"Jaraguá do Sul",4208906,city,2930,1648.87,44,38,0,0.013,177697,True,False
38,2020-09-15,103,SC,Jardinópolis,4208955,city,52,3312.1,0,0,0,0,1570,True,False
38,2020-09-15,167,SC,Joaçaba,4209003,city,985,3270.47,14,9,0,0.0091,30118,True,False
38,2020-09-15,187,SC,Joinville,4209102,city,19942,3377.33,230,303,4,0.0152,590466,True,False
38,2020-09-15,111,SC,"José Boiteux",4209151,city,298,5963.58,0,4,0,0.0134,4997,True,False
38,2020-09-15,116,SC,Jupiá,4209177,city,50,2379.82,4,0,0,0,2101,True,False
38,2020-09-15,85,SC,Lacerdópolis,4209201,city,40,1780.94,0,1,0,0.025,2246,True,False
38,2020-09-15,178,SC,Lages,4209300,city,3222,2045.14,18,67,3,0.0208,157544,True,False
38,2020-09-15,176,SC,Laguna,4209409,city,850,1855.33,0,11,0,0.0129,45814,True,False
38,2020-09-15,114,SC,"Lajeado Grande",4209458,city,36,2522.78,0,1,0,0.0278,1427,True,False
38,2020-09-15,111,SC,Laurentino,4209508,city,97,1391.68,1,0,0,0,6970,True,False
38,2020-09-15,139,SC,"Lauro Muller",4209607,city,522,3424.3,7,7,0,0.0134,15244,True,False
38,2020-09-15,91,SC,"Lebon Régis",4209706,city,32,264.31,0,1,0,0.0312,12107,True,False
38,2020-09-15,65,SC,"Leoberto Leal",4209805,city,49,1611.31,0,0,0,0,3041,True,False
38,2020-09-15,153,SC,"Lindóia do Sul",4209854,city,256,5610.34,0,2,0,0.0078,4563,True,False
38,2020-09-15,113,SC,Lontras,4209904,city,149,1228.36,2,0,0,0,12130,True,False
38,2020-09-15,129,SC,"Luiz Alves",4210001,city,219,1703.09,0,1,0,0.0046,12859,True,False
38,2020-09-15,124,SC,Luzerna,4210035,city,159,2796.83,0,1,0,0.0063,5685,True,False
38,2020-09-15,60,SC,Macieira,4210050,city,3,169.014,0,1,0,0.3333,1775,True,False
38,2020-09-15,166,SC,Mafra,4210100,city,379,673.275,5,3,0,0.0079,56292,True,False
38,2020-09-15,89,SC,"Major Gercino",4210209,city,128,3718.77,0,2,0,0.0156,3442,True,False
38,2020-09-15,91,SC,"Major Vieira",4210308,city,35,431.939,0,2,0,0.0571,8103,True,False
38,2020-09-15,141,SC,Maracajá,4210407,city,162,2221.31,2,4,0,0.0247,7293,True,False
38,2020-09-15,128,SC,Maravilha,4210506,city,517,2006.83,7,9,0,0.0174,25762,True,False
38,2020-09-15,116,SC,Marema,4210555,city,55,3060.66,0,1,0,0.0182,1797,True,False
38,2020-09-15,160,SC,Massaranduba,4210605,city,553,3269.09,0,2,0,0.0036,16916,True,False
38,2020-09-15,50,SC,"Matos Costa",4210704,city,16,634.921,0,0,0,0,2520,True,False
38,2020-09-15,152,SC,Meleiro,4210803,city,204,2908.05,5,1,0,0.0049,7015,True,False
38,2020-09-15,102,SC,"Mirim Doce",4210852,city,39,1689.04,0,1,0,0.0256,2309,True,False
38,2020-09-15,105,SC,Modelo,4210902,city,95,2257.07,1,2,0,0.0211,4209,True,False
38,2020-09-15,126,SC,Mondaí,4211009,city,54,459.888,0,0,0,0,11742,True,False
38,2020-09-15,116,SC,"Monte Carlo",4211058,city,248,2513.68,0,5,0,0.0202,9866,True,False
38,2020-09-15,118,SC,"Monte Castelo",4211108,city,30,362.538,0,0,0,0,8275,True,False
38,2020-09-15,166,SC,"Morro da Fumaça",4211207,city,588,3304.11,-2,8,0,0.0136,17796,True,False
38,2020-09-15,126,SC,"Morro Grande",4211256,city,89,3076.39,0,0,0,0,2893,True,False
38,2020-09-15,180,SC,Navegantes,4211306,city,2663,3268.49,8,44,0,0.0165,81475,True,False
38,2020-09-15,137,SC,"Nova Erechim",4211405,city,145,2889.02,0,3,0,0.0207,5019,True,False
38,2020-09-15,120,SC,"Nova Itaberaba",4211454,city,55,1269.91,0,0,0,0,4331,True,False
38,2020-09-15,159,SC,"Nova Trento",4211504,city,601,4130.87,-3,3,-1,0.005,14549,True,False
38,2020-09-15,153,SC,"Nova Veneza",4211603,city,565,3725.44,3,7,1,0.0124,15166,True,False
38,2020-09-15,58,SC,"Novo Horizonte",4211652,city,38,1556.1,0,0,0,0,2442,True,False
38,2020-09-15,160,SC,Orleans,4211702,city,843,3679.29,7,8,0,0.0095,22912,True,False
38,2020-09-15,110,SC,"Otacílio Costa",4211751,city,524,2795.56,7,3,0,0.0057,18744,True,False
38,2020-09-15,137,SC,Ouro,4211801,city,433,5935.57,0,2,0,0.0046,7295,True,False
38,2020-09-15,91,SC,"Ouro Verde",4211850,city,60,2706.36,0,4,0,0.0667,2217,True,False
38,2020-09-15,136,SC,Paial,4211876,city,22,1461.79,1,0,0,0,1505,True,False
38,2020-09-15,81,SC,Painel,4211892,city,5,211.954,0,0,0,0,2359,True,False
38,2020-09-15,166,SC,Palhoça,4211900,city,5665,3297.5,39,52,1,0.0092,171797,True,False
38,2020-09-15,150,SC,"Palma Sola",4212007,city,39,525.394,0,0,0,0,7423,True,False
38,2020-09-15,117,SC,Palmeira,4212056,city,57,2169.78,0,0,0,0,2627,True,False
38,2020-09-15,141,SC,Palmitos,4212106,city,245,1515.25,1,5,0,0.0204,16169,True,False
38,2020-09-15,172,SC,Papanduva,4212205,city,40,207.039,0,6,0,0.15,19320,True,False
38,2020-09-15,104,SC,Paraíso,4212239,city,13,378.237,0,0,0,0,3437,True,False
38,2020-09-15,135,SC,"Passo de Torres",4212254,city,171,1938.12,2,2,0,0.0117,8823,True,False
38,2020-09-15,109,SC,"Passos Maia",4212270,city,61,1470.94,0,1,0,0.0164,4147,True,False
38,2020-09-15,167,SC,"Paulo Lopes",4212304,city,285,3803.04,2,2,0,0.007,7494,True,False
38,2020-09-15,165,SC,"Pedras Grandes",4212403,city,83,2087.53,0,4,0,0.0482,3976,True,False
38,2020-09-15,152,SC,Penha,4212502,city,1005,3089.36,3,20,0,0.0199,32531,True,False
38,2020-09-15,144,SC,Peritiba,4212601,city,70,2511.66,0,1,0,0.0143,2787,True,False
38,2020-09-15,170,SC,"Pescaria Brava",4212650,city,311,3081.95,1,3,0,0.0096,10091,True,False
38,2020-09-15,121,SC,Petrolândia,4212700,city,24,404.245,0,1,0,0.0417,5937,True,False
38,2020-09-15,135,SC,Pinhalzinho,4212908,city,339,1668.88,11,1,0,0.0029,20313,True,False
38,2020-09-15,111,SC,"Pinheiro Preto",4213005,city,18,506.329,0,1,0,0.0556,3555,True,False
38,2020-09-15,137,SC,Piratuba,4213104,city,204,5293.2,0,0,0,0,3854,True,False
38,2020-09-15,136,SC,"Planalto Alegre",4213153,city,60,2090.59,0,0,0,0,2870,True,False
38,2020-09-15,180,SC,Pomerode,4213203,city,750,2242.35,1,5,0,0.0067,33447,True,False
38,2020-09-15,92,SC,"Ponte Alta",4213302,city,126,2691.16,1,1,0,0.0079,4682,True,False
38,2020-09-15,92,SC,"Ponte Alta do Norte",4213351,city,68,1991.8,0,1,0,0.0147,3414,True,False
38,2020-09-15,143,SC,"Ponte Serrada",4213401,city,124,1069.61,0,4,0,0.0323,11593,True,False
38,2020-09-15,177,SC,"Porto Belo",4213500,city,767,3586.12,3,7,0,0.0091,21388,True,False
38,2020-09-15,135,SC,"Porto União",4213609,city,178,502.853,3,4,0,0.0225,35398,True,False
38,2020-09-15,153,SC,"Pouso Redondo",4213708,city,176,1008.42,2,4,0,0.0227,17453,True,False
38,2020-09-15,129,SC,"Praia Grande",4213807,city,123,1680.56,0,1,0,0.0081,7319,True,False
38,2020-09-15,144,SC,"Presidente Castello Branco",4213906,city,60,3826.53,1,0,0,0,1568,True,False
38,2020-09-15,111,SC,"Presidente Getúlio",4214003,city,450,2575.7,4,5,0,0.0111,17471,True,False
38,2020-09-15,62,SC,"Presidente Nereu",4214102,city,38,1661.57,0,2,0,0.0526,2287,True,False
38,2020-09-15,78,SC,Princesa,4214151,city,15,512.996,0,0,0,0,2924,True,False
38,2020-09-15,121,SC,Quilombo,4214201,city,283,2862.34,1,7,0,0.0247,9887,True,False
38,2020-09-15,186,SC,"Rancho Queimado",4214300,city,55,1911.05,0,2,0,0.0364,2878,True,False
38,2020-09-15,89,SC,"Rio das Antas",4214409,city,22,354.553,0,1,0,0.0455,6205,True,False
38,2020-09-15,90,SC,"Rio do Campo",4214508,city,50,841.751,0,0,0,0,5940,True,False
38,2020-09-15,129,SC,"Rio do Oeste",4214607,city,87,1161.7,0,2,0,0.023,7489,True,False
38,2020-09-15,84,SC,"Rio dos Cedros",4214706,city,107,916.41,0,3,0,0.028,11676,True,False
38,2020-09-15,156,SC,"Rio do Sul",4214805,city,1006,1415.69,7,10,1,0.0099,71061,True,False
38,2020-09-15,137,SC,"Rio Fortuna",4214904,city,125,2710.91,1,4,0,0.032,4611,True,False
38,2020-09-15,160,SC,"Rio Negrinho",4215000,city,450,1063.78,3,3,0,0.0067,42302,True,False
38,2020-09-15,160,SC,"Rio Rufino",4215059,city,28,1127.67,1,1,0,0.0357,2483,True,False
38,2020-09-15,115,SC,Riqueza,4215075,city,63,1370.16,1,1,0,0.0159,4598,True,False
38,2020-09-15,134,SC,Rodeio,4215109,city,234,2025.8,1,2,0,0.0085,11551,True,False
38,2020-09-15,99,SC,Romelândia,4215208,city,53,1107.4,0,0,0,0,4786,True,False
38,2020-09-15,146,SC,Salete,4215307,city,135,1766.55,0,1,0,0.0074,7642,True,False
38,2020-09-15,104,SC,Saltinho,4215356,city,21,555.409,0,0,0,0,3781,True,False
38,2020-09-15,114,SC,"Salto Veloso",4215406,city,40,847.817,0,1,0,0.025,4718,True,False
38,2020-09-15,162,SC,Sangão,4215455,city,426,3360.15,6,2,0,0.0047,12678,True,False
38,2020-09-15,158,SC,"Santa Cecília",4215505,city,237,1408.2,4,6,1,0.0253,16830,True,False
38,2020-09-15,141,SC,"Santa Helena",4215554,city,26,1169.59,0,0,0,0,2223,True,False
38,2020-09-15,162,SC,"Santa Rosa de Lima",4215604,city,82,3828.2,0,1,0,0.0122,2142,True,False
38,2020-09-15,154,SC,"Santa Rosa do Sul",4215653,city,279,3338.12,1,5,0,0.0179,8358,True,False
38,2020-09-15,109,SC,"Santa Terezinha",4215679,city,35,398.316,5,1,0,0.0286,8787,True,False
38,2020-09-15,100,SC,"Santa Terezinha do Progresso",4215687,city,55,2265.24,0,0,0,0,2428,True,False
38,2020-09-15,111,SC,"Santiago do Sul",4215695,city,60,4761.9,0,0,0,0,1260,True,False
38,2020-09-15,163,SC,"Santo Amaro da Imperatriz",4215703,city,631,2714.56,4,13,0,0.0206,23245,True,False
38,2020-09-15,161,SC,"São Bento do Sul",4215802,city,642,759.7,8,12,0,0.0187,84507,True,False
38,2020-09-15,140,SC,"São Bernardino",4215752,city,41,1755.14,1,0,0,0,2336,True,False
38,2020-09-15,82,SC,"São Bonifácio",4215901,city,49,1726.57,0,1,0,0.0204,2838,True,False
38,2020-09-15,131,SC,"São Carlos",4216008,city,74,655.97,0,1,0,0.0135,11281,True,False
38,2020-09-15,85,SC,"São Cristovão do Sul",4216057,city,84,1513.79,0,2,0,0.0238,5549,True,False
38,2020-09-15,164,SC,"São Domingos",4216107,city,254,2689.25,1,0,0,0,9445,True,False
38,2020-09-15,172,SC,"São Francisco do Sul",4216206,city,1274,2416.49,10,21,0,0.0165,52721,True,False
38,2020-09-15,119,SC,"São João Batista",4216305,city,1191,3182.45,6,25,3,0.021,37424,True,False
38,2020-09-15,139,SC,"São João do Itaperiú",4216354,city,150,4018.22,3,2,0,0.0133,3733,True,False
38,2020-09-15,109,SC,"São João do Oeste",4216255,city,125,1958.94,0,3,0,0.024,6381,True,False
38,2020-09-15,116,SC,"São João do Sul",4216404,city,141,1932.3,1,2,0,0.0142,7297,True,False
38,2020-09-15,116,SC,"São Joaquim",4216503,city,242,897.893,2,6,0,0.0248,26952,True,False
38,2020-09-15,181,SC,"São José",4216602,city,6637,2691.56,97,81,0,0.0122,246586,True,False
38,2020-09-15,117,SC,"São José do Cedro",4216701,city,38,274.785,0,0,0,0,13829,True,False
38,2020-09-15,88,SC,"São José do Cerrito",4216800,city,100,1205.55,0,2,1,0.02,8295,True,False
38,2020-09-15,173,SC,"São Lourenço do Oeste",4216909,city,198,822.396,2,3,0,0.0152,24076,True,False
38,2020-09-15,175,SC,"São Ludgero",4217006,city,645,4809.84,0,5,0,0.0078,13410,True,False
38,2020-09-15,140,SC,"São Martinho",4217105,city,197,6194.97,0,1,0,0.0051,3180,True,False
38,2020-09-15,104,SC,"São Miguel da Boa Vista",4217154,city,106,5824.18,0,0,0,0,1820,True,False
38,2020-09-15,135,SC,"São Miguel do Oeste",4217204,city,615,1519.19,14,2,0,0.0033,40482,True,False
38,2020-09-15,175,SC,"São Pedro de Alcântara",4217253,city,277,4757,1,1,0,0.0036,5823,True,False
38,2020-09-15,107,SC,Saudades,4217303,city,123,1262.19,1,0,0,0,9745,True,False
38,2020-09-15,160,SC,Schroeder,4217402,city,385,1802.01,11,1,0,0.0026,21365,True,False
38,2020-09-15,144,SC,Seara,4217501,city,527,3004.39,14,2,0,0.0038,17541,True,False
38,2020-09-15,132,SC,"Serra Alta",4217550,city,57,1746.86,-1,0,0,0,3263,True,False
38,2020-09-15,174,SC,Siderópolis,4217600,city,284,2027.56,1,7,0,0.0246,14007,True,False
38,2020-09-15,165,SC,Sombrio,4217709,city,626,2060.97,1,17,0,0.0272,30374,True,False
38,2020-09-15,92,SC,"Sul Brasil",4217758,city,68,2763.1,0,0,0,0,2461,True,False
38,2020-09-15,141,SC,Taió,4217808,city,364,1978.8,2,5,0,0.0137,18395,True,False
38,2020-09-15,161,SC,Tangará,4217907,city,108,1244.81,2,3,1,0.0278,8676,True,False
38,2020-09-15,141,SC,Tigrinhos,4217956,city,83,5082.67,0,0,0,0,1633,True,False
38,2020-09-15,176,SC,Tijucas,4218004,city,1738,4525.22,7,23,0,0.0132,38407,True,False
38,2020-09-15,174,SC,"Timbé do Sul",4218103,city,127,2374.72,0,3,0,0.0236,5348,True,False
38,2020-09-15,163,SC,Timbó,4218202,city,1040,2350.92,22,10,0,0.0096,44238,True,False
38,2020-09-15,87,SC,"Timbó Grande",4218251,city,36,457.027,0,1,0,0.0278,7877,True,False
38,2020-09-15,141,SC,"Três Barras",4218301,city,345,1789.88,2,2,0,0.0058,19275,True,False
38,2020-09-15,123,SC,Treviso,4218350,city,105,2672.44,1,2,0,0.019,3929,True,False
38,2020-09-15,156,SC,"Treze de Maio",4218400,city,214,3022.17,-3,0,0,0,7081,True,False
38,2020-09-15,133,SC,"Treze Tílias",4218509,city,98,1250,2,0,0,0,7840,True,False
38,2020-09-15,134,SC,"Trombudo Central",4218608,city,123,1671.2,0,4,0,0.0325,7360,True,False
38,2020-09-15,182,SC,Tubarão,4218707,city,4768,4511.48,11,78,1,0.0164,105686,True,False
38,2020-09-15,143,SC,Tunápolis,4218756,city,318,6999.78,9,0,0,0,4543,True,False
38,2020-09-15,143,SC,Turvo,4218806,city,374,2899.45,0,2,0,0.0053,12899,True,False
38,2020-09-15,110,SC,"União do Oeste",4218855,city,38,1542.21,0,0,0,0,2464,True,False
38,2020-09-15,112,SC,Urubici,4218905,city,130,1157.1,0,2,0,0.0154,11235,True,False
38,2020-09-15,34,SC,Urupema,4218954,city,2,81.1359,0,0,0,0,2465,True,False
38,2020-09-15,172,SC,Urussanga,4219002,city,678,3187.89,3,14,0,0.0206,21268,True,False
38,2020-09-15,112,SC,Vargeão,4219101,city,39,1091.52,0,1,0,0.0256,3573,True,False
38,2020-09-15,125,SC,Vargem,4219150,city,72,2906.74,3,1,0,0.0139,2477,True,False
38,2020-09-15,146,SC,"Vargem Bonita",4219176,city,83,1847.73,0,1,0,0.012,4492,True,False
38,2020-09-15,160,SC,"Vidal Ramos",4219200,city,34,536.447,0,0,0,0,6338,True,False
38,2020-09-15,163,SC,Videira,4219309,city,1563,2945.44,9,12,0,0.0077,53065,True,False
38,2020-09-15,77,SC,"Vitor Meireles",4219358,city,66,1325.57,0,0,0,0,4979,True,False
38,2020-09-15,76,SC,Witmarsum,4219408,city,30,756.62,-1,0,0,0,3965,True,False
38,2020-09-15,133,SC,Xanxerê,4219507,city,1987,3897.45,18,26,0,0.0131,50982,True,False
38,2020-09-15,143,SC,Xavantina,4219606,city,81,2059.5,1,0,0,0,3933,True,False
38,2020-09-15,150,SC,Xaxim,4219705,city,1127,3926.01,3,30,0,0.0266,28706,True,False
38,2020-09-15,141,SC,Zortéa,4219853,city,325,9663.99,1,2,0,0.0062,3363,True,False
38,2020-09-15,129,SE,"Amparo de São Francisco",2800100,city,72,3032.86,0,0,0,0,2374,True,False
38,2020-09-15,141,SE,Aquidabã,2800209,city,548,2541.39,2,14,0,0.0255,21563,True,False
38,2020-09-15,186,SE,Aracaju,2800308,city,34158,5198.98,51,711,0,0.0208,657013,True,False
38,2020-09-15,137,SE,Arauá,2800407,city,312,3102.63,0,8,0,0.0256,10056,True,False
38,2020-09-15,142,SE,"Areia Branca",2800506,city,695,3748.25,3,17,0,0.0245,18542,True,False
38,2020-09-15,144,SE,"Barra dos Coqueiros",2800605,city,1140,3749.14,0,21,0,0.0184,30407,True,False
38,2020-09-15,138,SE,Boquim,2800670,city,579,2159.16,6,15,0,0.0259,26816,True,False
38,2020-09-15,121,SE,"Brejo Grande",2800704,city,170,2045.97,0,7,0,0.0412,8309,True,False
38,2020-09-15,137,SE,"Campo do Brito",2801009,city,643,3550.72,0,12,0,0.0187,18109,True,False
38,2020-09-15,119,SE,Canhoba,2801108,city,90,2245.51,0,0,0,0,4008,True,False
38,2020-09-15,142,SE,"Canindé de São Francisco",2801207,city,362,1210.7,0,8,0,0.0221,29900,True,False
38,2020-09-15,167,SE,Capela,2801306,city,703,2054.77,-1,19,0,0.027,34213,True,False
38,2020-09-15,139,SE,Carira,2801405,city,833,3772.3,1,16,0,0.0192,22082,True,False
38,2020-09-15,130,SE,Carmópolis,2801504,city,274,1647.23,0,13,0,0.0474,16634,True,False
38,2020-09-15,136,SE,"Cedro de São João",2801603,city,389,6596.57,0,10,0,0.0257,5897,True,False
38,2020-09-15,143,SE,Cristinápolis,2801702,city,330,1846.26,1,17,0,0.0515,17874,True,False
38,2020-09-15,118,SE,Cumbe,2801900,city,59,1479.81,0,1,0,0.0169,3987,True,False
38,2020-09-15,137,SE,"Divina Pastora",2802007,city,164,3191.9,0,4,0,0.0244,5138,True,False
38,2020-09-15,150,SE,Estância,2802106,city,2616,3781.22,2,78,0,0.0298,69184,True,False
38,2020-09-15,123,SE,"Feira Nova",2802205,city,55,984.957,0,1,0,0.0182,5584,True,False
38,2020-09-15,138,SE,"Frei Paulo",2802304,city,439,2846.77,1,17,0,0.0387,15421,True,False
38,2020-09-15,130,SE,Gararu,2802403,city,26,224.061,0,6,0,0.2308,11604,True,False
38,2020-09-15,123,SE,"General Maynard",2802502,city,128,3825.46,1,4,0,0.0312,3346,True,False
38,2020-09-15,130,SE,"Graccho Cardoso",2802601,city,71,1220.35,0,0,0,0,5818,True,False
38,2020-09-15,118,SE,"Ilha das Flores",2802700,city,204,2394.37,0,10,1,0.049,8520,True,False
38,2020-09-15,151,SE,Indiaroba,2802809,city,156,868.742,1,11,0,0.0705,17957,True,False
38,2020-09-15,165,SE,Itabaiana,2802908,city,4510,4726.13,5,89,1,0.0197,95427,True,False
38,2020-09-15,153,SE,Itabaianinha,2803005,city,984,2346.88,2,30,0,0.0305,41928,True,False
38,2020-09-15,121,SE,Itabi,2803104,city,40,815.827,0,0,0,0,4903,True,False
38,2020-09-15,151,SE,"Itaporanga d'Ajuda",2803203,city,913,2657.47,1,28,0,0.0307,34356,True,False
38,2020-09-15,129,SE,Japaratuba,2803302,city,308,1643.28,1,19,0,0.0617,18743,True,False
38,2020-09-15,141,SE,Japoatã,2803401,city,85,632.723,0,6,0,0.0706,13434,True,False
38,2020-09-15,153,SE,Lagarto,2803500,city,2634,2522.8,0,82,0,0.0311,104408,True,False
38,2020-09-15,139,SE,Laranjeiras,2803609,city,284,952.189,1,19,0,0.0669,29826,True,False
38,2020-09-15,139,SE,Macambira,2803708,city,159,2298.02,0,2,0,0.0126,6919,True,False
38,2020-09-15,136,SE,"Malhada dos Bois",2803807,city,110,2987.51,0,0,0,0,3682,True,False
38,2020-09-15,136,SE,Malhador,2803906,city,393,3114.6,0,13,0,0.0331,12618,True,False
38,2020-09-15,143,SE,Maruim,2804003,city,290,1684.77,0,18,0,0.0621,17213,True,False
38,2020-09-15,133,SE,"Moita Bonita",2804102,city,705,6219.67,0,7,0,0.0099,11335,True,False
38,2020-09-15,123,SE,"Monte Alegre de Sergipe",2804201,city,291,1936,2,6,0,0.0206,15031,True,False
38,2020-09-15,139,SE,Muribeca,2804300,city,81,1062.3,0,5,0,0.0617,7625,True,False
38,2020-09-15,119,SE,Neópolis,2804409,city,421,2249.05,0,17,0,0.0404,18719,True,False
38,2020-09-15,123,SE,"Nossa Senhora Aparecida",2804458,city,188,2137.34,20,3,0,0.016,8796,True,False
38,2020-09-15,179,SE,"Nossa Senhora da Glória",2804508,city,1158,3136.17,1,23,1,0.0199,36924,True,False
38,2020-09-15,129,SE,"Nossa Senhora das Dores",2804607,city,788,2959.18,0,23,0,0.0292,26629,True,False
38,2020-09-15,134,SE,"Nossa Senhora de Lourdes",2804706,city,85,1311.12,0,4,0,0.0471,6483,True,False
38,2020-09-15,154,SE,"Nossa Senhora do Socorro",2804805,city,3278,1785.13,15,174,1,0.0531,183628,True,False
38,2020-09-15,161,SE,Pacatuba,2804904,city,268,1857.5,0,10,0,0.0373,14428,True,False
38,2020-09-15,118,SE,"Pedra Mole",2805000,city,68,2085.25,0,2,0,0.0294,3261,True,False
38,2020-09-15,129,SE,Pedrinhas,2805109,city,177,1843.37,0,3,0,0.0169,9602,True,False
38,2020-09-15,135,SE,Pinhão,2805208,city,92,1399.03,0,8,0,0.087,6576,True,False
38,2020-09-15,120,SE,Pirambu,2805307,city,94,1012.93,1,8,0,0.0851,9280,True,False
38,2020-09-15,133,SE,"Poço Redondo",2805406,city,171,491.733,11,8,0,0.0468,34775,True,False
38,2020-09-15,130,SE,"Poço Verde",2805505,city,359,1512.98,-1,15,1,0.0418,23728,True,False
38,2020-09-15,149,SE,"Porto da Folha",2805604,city,610,2133.17,0,11,0,0.018,28596,True,False
38,2020-09-15,182,SE,Propriá,2805703,city,1125,3797.34,1,33,0,0.0293,29626,True,False
38,2020-09-15,134,SE,"Riachão do Dantas",2805802,city,513,2590.25,0,17,0,0.0331,19805,True,False
38,2020-09-15,132,SE,Riachuelo,2805901,city,380,3720.75,0,6,0,0.0158,10213,True,False
38,2020-09-15,142,SE,Ribeirópolis,2806008,city,410,2198.16,1,13,1,0.0317,18652,True,False
38,2020-09-15,142,SE,"Rosário do Catete",2806107,city,311,2865.04,0,5,0,0.0161,10855,True,False
38,2020-09-15,136,SE,Salgado,2806206,city,176,880.088,3,11,0,0.0625,19998,True,False
38,2020-09-15,137,SE,"Santa Luzia do Itanhy",2806305,city,239,1702.89,0,4,0,0.0167,14035,True,False
38,2020-09-15,130,SE,"Santana do São Francisco",2806404,city,216,2776.35,0,7,0,0.0324,7780,True,False
38,2020-09-15,118,SE,"Santa Rosa de Lima",2806503,city,112,2862.25,6,3,0,0.0268,3913,True,False
38,2020-09-15,139,SE,"Santo Amaro das Brotas",2806602,city,249,2057.51,0,6,0,0.0241,12102,True,False
38,2020-09-15,154,SE,"São Cristóvão",2806701,city,2084,2313.7,3,85,0,0.0408,90072,True,False
38,2020-09-15,128,SE,"São Domingos",2806800,city,258,2316.6,0,6,0,0.0233,11137,True,False
38,2020-09-15,123,SE,"São Francisco",2806909,city,84,2255.64,0,4,0,0.0476,3724,True,False
38,2020-09-15,120,SE,"São Miguel do Aleixo",2807006,city,161,4096.69,1,2,0,0.0124,3930,True,False
38,2020-09-15,162,SE,"Simão Dias",2807105,city,1141,2818.4,0,36,0,0.0316,40484,True,False
38,2020-09-15,122,SE,Siriri,2807204,city,337,3789.5,0,5,0,0.0148,8893,True,False
38,2020-09-15,118,SE,Telha,2807303,city,218,6755.5,1,2,0,0.0092,3227,True,False
38,2020-09-15,139,SE,"Tobias Barreto",2807402,city,1556,2981.36,0,36,0,0.0231,52191,True,False
38,2020-09-15,147,SE,"Tomar do Geru",2807501,city,190,1403.66,4,8,0,0.0421,13536,True,False
38,2020-09-15,141,SE,Umbaúba,2807600,city,683,2700.25,10,20,0,0.0293,25294,True,False
38,2020-09-15,134,TO,Abreulândia,1700251,city,67,2597.91,0,3,0,0.0448,2579,True,False
38,2020-09-15,137,TO,Aguiarnópolis,1700301,city,408,6059.71,0,8,0,0.0196,6733,True,False
38,2020-09-15,133,TO,"Aliança do Tocantins",1700350,city,114,2115.03,3,2,0,0.0175,5390,True,False
38,2020-09-15,116,TO,Almas,1700400,city,79,1119.77,0,2,0,0.0253,7055,True,False
38,2020-09-15,132,TO,Alvorada,1700707,city,499,5932,4,7,0,0.014,8412,True,False
38,2020-09-15,137,TO,Ananás,1701002,city,235,2460.99,0,6,0,0.0255,9549,True,False
38,2020-09-15,121,TO,Angico,1701051,city,59,1718.61,0,0,0,0,3433,True,False
38,2020-09-15,116,TO,"Aparecida do Rio Negro",1701101,city,41,855.057,0,0,0,0,4795,True,False
38,2020-09-15,125,TO,Aragominas,1701309,city,180,3126.09,0,2,0,0.0111,5758,True,False
38,2020-09-15,116,TO,Araguacema,1701903,city,51,719.729,0,0,0,0,7086,True,False
38,2020-09-15,122,TO,Araguaçu,1702000,city,448,5260.07,2,7,0,0.0156,8517,True,False
38,2020-09-15,173,TO,Araguaína,1702109,city,14209,7873.33,73,187,3,0.0132,180470,True,False
38,2020-09-15,117,TO,Araguanã,1702158,city,168,2932.45,0,7,0,0.0417,5729,True,False
38,2020-09-15,138,TO,Araguatins,1702208,city,826,2309.78,4,23,0,0.0278,35761,True,False
38,2020-09-15,126,TO,Arapoema,1702307,city,98,1475.24,0,3,0,0.0306,6643,True,False
38,2020-09-15,116,TO,Arraias,1702406,city,101,955.806,6,0,0,0,10567,True,False
38,2020-09-15,142,TO,Augustinópolis,1702554,city,607,3296.76,0,8,0,0.0132,18412,True,False
38,2020-09-15,131,TO,"Aurora do Tocantins",1702703,city,31,825.126,1,0,0,0,3757,True,False
38,2020-09-15,140,TO,"Axixá do Tocantins",1702901,city,324,3321.03,18,3,0,0.0093,9756,True,False
38,2020-09-15,122,TO,Babaçulândia,1703008,city,203,1903.6,0,2,0,0.0099,10664,True,False
38,2020-09-15,140,TO,"Bandeirantes do Tocantins",1703057,city,36,1013.23,0,1,0,0.0278,3553,True,False
38,2020-09-15,117,TO,"Barra do Ouro",1703073,city,41,893.052,2,4,0,0.0976,4591,True,False
38,2020-09-15,134,TO,Barrolândia,1703107,city,102,1811.08,0,1,0,0.0098,5632,True,False
38,2020-09-15,116,TO,"Bernardo Sayão",1703206,city,38,852.209,2,3,0,0.0789,4459,True,False
38,2020-09-15,116,TO,"Bom Jesus do Tocantins",1703305,city,77,1573.36,-1,0,0,0,4894,True,False
38,2020-09-15,116,TO,"Brasilândia do Tocantins",1703602,city,49,2226.26,0,1,0,0.0204,2201,True,False
38,2020-09-15,116,TO,"Brejinho de Nazaré",1703701,city,69,1255.23,1,4,0,0.058,5497,True,False
38,2020-09-15,129,TO,"Buriti do Tocantins",1703800,city,218,1921.04,3,0,0,0,11348,True,False
38,2020-09-15,121,TO,Cachoeirinha,1703826,city,24,1054.95,0,0,0,0,2275,True,False
38,2020-09-15,120,TO,"Campos Lindos",1703842,city,268,2649.27,26,2,0,0.0075,10116,True,False
38,2020-09-15,158,TO,"Cariri do Tocantins",1703867,city,174,3970.79,1,3,0,0.0172,4382,True,False
38,2020-09-15,116,TO,Carmolândia,1703883,city,62,2403.1,0,1,0,0.0161,2580,True,False
38,2020-09-15,116,TO,"Carrasco Bonito",1703891,city,222,5421.25,-1,0,0,0,4095,True,False
38,2020-09-15,126,TO,Caseara,1703909,city,40,745.018,0,1,0,0.025,5369,True,False
38,2020-09-15,116,TO,Centenário,1704105,city,85,2925.99,0,3,0,0.0353,2905,True,False
38,2020-09-15,116,TO,"Chapada da Natividade",1705102,city,52,1560.16,0,1,0,0.0192,3333,True,False
38,2020-09-15,116,TO,"Chapada de Areia",1704600,city,33,2347.08,0,1,0,0.0303,1406,True,False
38,2020-09-15,139,TO,"Colinas do Tocantins",1705508,city,2316,6537.94,49,20,0,0.0086,35424,True,False
38,2020-09-15,120,TO,Colméia,1716703,city,207,2522.85,0,8,0,0.0386,8205,True,False
38,2020-09-15,116,TO,Combinado,1705557,city,82,1690.02,0,1,0,0.0122,4852,True,False
38,2020-09-15,116,TO,"Conceição do Tocantins",1705607,city,17,414.129,0,3,0,0.1765,4105,True,False
38,2020-09-15,144,TO,"Couto Magalhães",1706001,city,91,1628.49,0,3,0,0.033,5588,True,False
38,2020-09-15,132,TO,Cristalândia,1706100,city,46,631.088,1,2,0,0.0435,7289,True,False
38,2020-09-15,119,TO,"Crixás do Tocantins",1706258,city,43,2497.1,0,0,0,0,1722,True,False
38,2020-09-15,133,TO,Darcinópolis,1706506,city,377,6183.37,1,4,0,0.0106,6097,True,False
38,2020-09-15,165,TO,Dianópolis,1707009,city,347,1567.37,2,8,0,0.0231,22139,True,False
38,2020-09-15,118,TO,"Divinópolis do Tocantins",1707108,city,194,2811.59,1,0,0,0,6900,True,False
38,2020-09-15,116,TO,"Dois Irmãos do Tocantins",1707207,city,31,430.675,0,3,0,0.0968,7198,True,False
38,2020-09-15,130,TO,Dueré,1707306,city,97,2070,0,1,0,0.0103,4686,True,False
38,2020-09-15,125,TO,Esperantina,1707405,city,281,2555.47,6,6,0,0.0214,10996,True,False
38,2020-09-15,134,TO,Fátima,1707553,city,165,4302.48,0,3,0,0.0182,3835,True,False
38,2020-09-15,132,TO,Figueirópolis,1707652,city,134,2546.08,0,4,0,0.0299,5263,True,False
38,2020-09-15,134,TO,Filadélfia,1707702,city,168,1897.02,-1,3,0,0.0179,8856,True,False
38,2020-09-15,133,TO,"Formoso do Araguaia",1708205,city,1107,6003.25,0,12,0,0.0108,18440,True,False
38,2020-09-15,116,TO,Goianorte,1708304,city,85,1659.18,7,2,0,0.0235,5123,True,False
38,2020-09-15,130,TO,Goiatins,1709005,city,442,3395.04,0,5,0,0.0113,13019,True,False
38,2020-09-15,143,TO,Guaraí,1709302,city,847,3267.37,8,17,0,0.0201,25923,True,False
38,2020-09-15,161,TO,Gurupi,1709500,city,3174,3663.14,1,41,0,0.0129,86647,True,False
38,2020-09-15,118,TO,Ipueiras,1709807,city,26,1290.32,0,1,0,0.0385,2015,True,False
38,2020-09-15,116,TO,Itacajá,1710508,city,337,4533.84,9,7,0,0.0208,7433,True,False
38,2020-09-15,126,TO,Itaguatins,1710706,city,133,2268.08,0,2,0,0.015,5864,True,False
38,2020-09-15,116,TO,Itapiratins,1710904,city,122,3230.08,2,0,0,0,3777,True,False
38,2020-09-15,116,TO,"Itaporã do Tocantins",1711100,city,104,4285.13,0,0,0,0,2427,True,False
38,2020-09-15,116,TO,"Jaú do Tocantins",1711506,city,46,1195.12,1,2,0,0.0435,3849,True,False
38,2020-09-15,116,TO,Juarina,1711803,city,39,1778.39,1,1,0,0.0256,2193,True,False
38,2020-09-15,116,TO,"Lagoa da Confusão",1711902,city,452,3383.99,12,4,0,0.0088,13357,True,False
38,2020-09-15,116,TO,"Lagoa do Tocantins",1711951,city,53,1227.99,0,4,0,0.0755,4316,True,False
38,2020-09-15,119,TO,Lajeado,1712009,city,45,1435.86,0,0,0,0,3134,True,False
38,2020-09-15,116,TO,Lavandeira,1712157,city,29,1508.06,5,0,0,0,1923,True,False
38,2020-09-15,135,TO,Lizarda,1712405,city,60,1604.28,0,1,0,0.0167,3740,True,False
38,2020-09-15,117,TO,Luzinópolis,1712454,city,126,4054.05,3,2,0,0.0159,3108,True,False
38,2020-09-15,129,TO,"Marianópolis do Tocantins",1712504,city,78,1507.25,0,3,0,0.0385,5175,True,False
38,2020-09-15,116,TO,Mateiros,1712702,city,13,484.352,0,0,0,0,2684,True,False
38,2020-09-15,132,TO,"Maurilândia do Tocantins",1712801,city,44,1284.3,0,1,0,0.0227,3426,True,False
38,2020-09-15,136,TO,"Miracema do Tocantins",1713205,city,553,3030.47,12,7,0,0.0127,18248,True,False
38,2020-09-15,136,TO,Miranorte,1713304,city,489,3640.02,2,7,0,0.0143,13434,True,False
38,2020-09-15,116,TO,"Monte do Carmo",1713601,city,61,767.585,2,0,0,0,7947,True,False
38,2020-09-15,116,TO,"Monte Santo do Tocantins",1713700,city,33,1448,0,0,0,0,2279,True,False
38,2020-09-15,116,TO,Muricilândia,1713957,city,73,2055.76,0,0,0,0,3551,True,False
38,2020-09-15,116,TO,Natividade,1714203,city,164,1774.12,-1,1,0,0.0061,9244,True,False
38,2020-09-15,118,TO,Nazaré,1714302,city,181,4643.41,1,4,0,0.0221,3898,True,False
38,2020-09-15,140,TO,"Nova Olinda",1714880,city,404,3418.22,0,14,0,0.0347,11819,True,False
38,2020-09-15,133,TO,"Nova Rosalândia",1715002,city,122,2863.85,0,3,0,0.0246,4260,True,False
38,2020-09-15,134,TO,"Novo Acordo",1715101,city,19,437.586,0,0,0,0,4342,True,False
38,2020-09-15,116,TO,"Novo Alegre",1715150,city,4,171.527,0,1,0,0.25,2332,True,False
38,2020-09-15,116,TO,"Novo Jardim",1715259,city,23,844.967,0,0,0,0,2722,True,False
38,2020-09-15,125,TO,"Oliveira de Fátima",1715507,city,48,4316.55,0,0,0,0,1112,True,False
38,2020-09-15,182,TO,Palmas,1721000,city,14856,4966.45,134,126,2,0.0085,299127,True,False
38,2020-09-15,116,TO,Palmeirante,1715705,city,168,2787.92,0,3,0,0.0179,6026,True,False
38,2020-09-15,134,TO,"Palmeiras do Tocantins",1713809,city,293,4400.72,11,3,0,0.0102,6658,True,False
38,2020-09-15,118,TO,Palmeirópolis,1715754,city,112,1462.33,1,1,0,0.0089,7659,True,False
38,2020-09-15,158,TO,"Paraíso do Tocantins",1716109,city,1992,3886.68,12,40,1,0.0201,51252,True,False
38,2020-09-15,116,TO,Paranã,1716208,city,141,1349.41,0,2,0,0.0142,10449,True,False
38,2020-09-15,116,TO,"Pau D'Arco",1716307,city,141,2907.82,1,6,0,0.0426,4849,True,False
38,2020-09-15,128,TO,"Pedro Afonso",1716505,city,530,3903.37,13,7,0,0.0132,13578,True,False
38,2020-09-15,118,TO,Peixe,1716604,city,89,757.511,6,3,0,0.0337,11749,True,False
38,2020-09-15,119,TO,Pequizeiro,1716653,city,167,3049.11,1,5,1,0.0299,5477,True,False
38,2020-09-15,116,TO,"Pindorama do Tocantins",1717008,city,38,854.509,2,0,0,0,4447,True,False
38,2020-09-15,116,TO,Piraquê,1717206,city,40,1321,0,1,0,0.025,3028,True,False
38,2020-09-15,116,TO,Pium,1717503,city,128,1672.33,0,1,0,0.0078,7654,True,False
38,2020-09-15,116,TO,"Ponte Alta do Bom Jesus",1717800,city,16,348.129,1,1,0,0.0625,4596,True,False
38,2020-09-15,130,TO,"Ponte Alta do Tocantins",1717909,city,148,1841.03,2,2,1,0.0135,8039,True,False
38,2020-09-15,116,TO,"Porto Alegre do Tocantins",1718006,city,4,127.429,0,0,0,0,3139,True,False
38,2020-09-15,141,TO,"Porto Nacional",1718204,city,2271,4284.1,42,41,1,0.0181,53010,True,False
38,2020-09-15,128,TO,"Praia Norte",1718303,city,151,1790.8,0,2,0,0.0132,8432,True,False
38,2020-09-15,125,TO,"Presidente Kennedy",1718402,city,70,1900.11,0,1,0,0.0143,3684,True,False
38,2020-09-15,131,TO,Pugmil,1718451,city,22,818.452,0,0,0,0,2688,True,False
38,2020-09-15,116,TO,Recursolândia,1718501,city,73,1700.44,0,0,0,0,4293,True,False
38,2020-09-15,122,TO,Riachinho,1718550,city,129,2777.18,0,0,0,0,4645,True,False
38,2020-09-15,116,TO,"Rio da Conceição",1718659,city,41,1924.88,0,0,0,0,2130,True,False
38,2020-09-15,116,TO,"Rio dos Bois",1718709,city,131,4622.44,0,0,0,0,2834,True,False
38,2020-09-15,117,TO,"Rio Sono",1718758,city,148,2284.66,0,1,0,0.0068,6478,True,False
38,2020-09-15,135,TO,Sampaio,1718808,city,311,6601.57,0,3,0,0.0096,4711,True,False
38,2020-09-15,116,TO,Sandolândia,1718840,city,34,1007.41,0,3,0,0.0882,3375,True,False
38,2020-09-15,122,TO,"Santa Fé do Araguaia",1718865,city,262,3487.75,0,4,0,0.0153,7512,True,False
38,2020-09-15,116,TO,"Santa Maria do Tocantins",1718881,city,26,757.135,0,0,0,0,3434,True,False
38,2020-09-15,116,TO,"Santa Rita do Tocantins",1718899,city,35,1479.92,4,0,0,0,2365,True,False
38,2020-09-15,117,TO,"Santa Rosa do Tocantins",1718907,city,40,828.329,0,0,0,0,4829,True,False
38,2020-09-15,117,TO,"Santa Tereza do Tocantins",1719004,city,97,3384.51,0,1,0,0.0103,2866,True,False
38,2020-09-15,116,TO,"Santa Terezinha do Tocantins",1720002,city,80,3163.31,1,2,0,0.025,2529,True,False
38,2020-09-15,130,TO,"São Bento do Tocantins",1720101,city,307,5766.34,3,2,0,0.0065,5324,True,False
38,2020-09-15,116,TO,"São Félix do Tocantins",1720150,city,17,1072.56,7,0,0,0,1585,True,False
38,2020-09-15,142,TO,"São Miguel do Tocantins",1720200,city,311,2561.99,3,7,0,0.0225,12139,True,False
38,2020-09-15,116,TO,"São Salvador do Tocantins",1720259,city,22,713.822,2,0,0,0,3082,True,False
38,2020-09-15,120,TO,"São Sebastião do Tocantins",1720309,city,273,5681.58,4,1,0,0.0037,4805,True,False
38,2020-09-15,122,TO,"São Valério",1720499,city,16,404.04,1,0,0,0,3960,True,False
38,2020-09-15,130,TO,Silvanópolis,1720655,city,93,1721.27,6,4,0,0.043,5403,True,False
38,2020-09-15,146,TO,"Sítio Novo do Tocantins",1720804,city,238,2635.95,0,4,0,0.0168,9029,True,False
38,2020-09-15,116,TO,Sucupira,1720853,city,56,2848.42,0,0,0,0,1966,True,False
38,2020-09-15,142,TO,Tabocão,1708254,city,143,5523.37,-1,3,0,0.021,2589,True,False
38,2020-09-15,116,TO,Taguatinga,1720903,city,66,395.612,6,3,0,0.0455,16683,True,False
38,2020-09-15,116,TO,"Taipas do Tocantins",1720937,city,11,512.104,0,0,0,0,2148,True,False
38,2020-09-15,116,TO,Talismã,1720978,city,84,3007.52,0,1,0,0.0119,2793,True,False
38,2020-09-15,120,TO,Tocantínia,1721109,city,379,5023.19,5,5,0,0.0132,7545,True,False
38,2020-09-15,154,TO,Tocantinópolis,1721208,city,802,3506.78,2,16,0,0.02,22870,True,False
38,2020-09-15,116,TO,Tupirama,1721257,city,69,3648.86,0,2,0,0.029,1891,True,False
38,2020-09-15,116,TO,Tupiratins,1721307,city,14,524.148,0,0,0,0,2671,True,False
38,2020-09-15,141,TO,Wanderlândia,1722081,city,280,2396.64,-1,5,0,0.0179,11683,True,False
38,2020-09-15,130,TO,Xambioá,1722107,city,836,7244.37,10,12,0,0.0144,11540,True,False
38,2020-09-14,142,AP,Amapá,1600105,city,532,5840.38,0,4,0,0.0075,9109,True,False
38,2020-09-14,137,AP,Calçoene,1600204,city,1154,10380.5,0,5,0,0.0043,11117,True,False
38,2020-09-14,133,AP,Cutias,1600212,city,600,10028.4,0,2,0,0.0033,5983,True,False
38,2020-09-14,136,AP,"Ferreira Gomes",1600238,city,549,7056.56,0,3,0,0.0055,7780,True,False
38,2020-09-14,144,AP,Itaubal,1600253,city,292,5306.2,0,0,0,0,5503,True,False
38,2020-09-14,153,AP,"Laranjal do Jari",1600279,city,4559,9043.84,20,44,0,0.0097,50410,True,False
38,2020-09-14,179,AP,Macapá,1600303,city,17948,3565.87,14,464,2,0.0259,503327,True,False
38,2020-09-14,154,AP,Mazagão,1600402,city,1460,6749.26,14,8,0,0.0055,21632,True,False
38,2020-09-14,164,AP,Oiapoque,1600501,city,2641,9684.63,3,20,0,0.0076,27270,True,False
38,2020-09-14,145,AP,"Pedra Branca do Amapari",1600154,city,2591,15701.1,1,5,0,0.0019,16502,True,False
38,2020-09-14,154,AP,"Porto Grande",1600535,city,1155,5256.93,9,13,0,0.0113,21971,True,False
38,2020-09-14,133,AP,Pracuúba,1600550,city,351,6855.47,0,6,0,0.0171,5120,True,False
38,2020-09-14,163,AP,Santana,1600600,city,7935,6538.18,9,85,0,0.0107,121364,True,False
38,2020-09-14,146,AP,"Serra do Navio",1600055,city,655,12136.4,0,4,0,0.0061,5397,True,False
38,2020-09-14,142,AP,Tartarugalzinho,1600709,city,1062,6133.41,7,4,0,0.0038,17315,True,False
38,2020-09-14,154,AP,"Vitória do Jari",1600808,city,2471,15510.6,25,13,0,0.0053,15931,True,False
38,2020-09-14,155,BA,Abaíra,2900108,city,12,137.315,0,0,0,0,8739,True,False
38,2020-09-14,123,BA,Abaré,2900207,city,85,423.18,0,0,0,0,20086,True,False
38,2020-09-14,146,BA,Acajutiba,2900306,city,120,791.609,0,3,0,0.025,15159,True,False
38,2020-09-14,164,BA,Adustina,2900355,city,86,504.695,0,1,0,0.0116,17040,True,False
38,2020-09-14,147,BA,"Água Fria",2900405,city,64,377.136,0,1,0,0.0156,16970,True,False
38,2020-09-14,152,BA,Aiquara,2900603,city,155,3486.28,0,3,0,0.0194,4446,True,False
38,2020-09-14,173,BA,Alagoinhas,2900702,city,5098,3362.89,8,61,0,0.012,151596,True,False
38,2020-09-14,108,BA,Alcobaça,2900801,city,463,2060.53,1,5,0,0.0108,22470,True,False
38,2020-09-14,145,BA,Almadina,2900900,city,329,6021.23,3,6,0,0.0182,5464,True,False
38,2020-09-14,128,BA,Amargosa,2901007,city,341,915.657,2,9,0,0.0264,37241,True,False
38,2020-09-14,152,BA,"Amélia Rodrigues",2901106,city,365,1454.07,4,4,0,0.011,25102,True,False
38,2020-09-14,119,BA,"América Dourada",2901155,city,95,590.282,0,0,0,0,16094,True,False
38,2020-09-14,124,BA,Anagé,2901205,city,92,418.087,0,3,0,0.0326,22005,True,False
38,2020-09-14,105,BA,Andaraí,2901304,city,36,273.91,0,0,0,0,13143,True,False
38,2020-09-14,94,BA,Andorinha,2901353,city,64,438.506,0,2,0,0.0312,14595,True,False
38,2020-09-14,98,BA,Angical,2901403,city,126,901.481,0,2,0,0.0159,13977,True,False
38,2020-09-14,128,BA,Anguera,2901502,city,60,534.712,0,0,0,0,11221,True,False
38,2020-09-14,107,BA,Antas,2901601,city,224,1161.16,2,0,0,0,19291,True,False
38,2020-09-14,113,BA,"Antônio Cardoso",2901700,city,46,393.734,0,0,0,0,11683,True,False
38,2020-09-14,94,BA,"Antônio Gonçalves",2901809,city,161,1364.64,0,1,0,0.0062,11798,True,False
38,2020-09-14,117,BA,Aporá,2901908,city,183,1032.09,0,4,0,0.0219,17731,True,False
38,2020-09-14,117,BA,Apuarema,2901957,city,285,3888.13,0,5,0,0.0175,7330,True,False
38,2020-09-14,124,BA,Araças,2902054,city,149,1223.62,0,1,0,0.0067,12177,True,False
38,2020-09-14,140,BA,Aracatu,2902005,city,31,236.011,0,0,0,0,13135,True,False
38,2020-09-14,160,BA,Araci,2902104,city,1065,1958.48,1,11,0,0.0103,54379,True,False
38,2020-09-14,105,BA,Aramari,2902203,city,117,1026.59,0,0,0,0,11397,True,False
38,2020-09-14,139,BA,Arataca,2902252,city,183,1660.77,3,3,0,0.0164,11019,True,False
38,2020-09-14,110,BA,Aratuípe,2902302,city,111,1257.79,0,5,0,0.045,8825,True,False
38,2020-09-14,160,BA,"Aurelino Leal",2902401,city,393,3408.2,0,6,0,0.0153,11531,True,False
38,2020-09-14,112,BA,Baianópolis,2902500,city,74,533.256,1,0,0,0,13877,True,False
38,2020-09-14,88,BA,"Baixa Grande",2902609,city,33,161.227,0,2,0,0.0606,20468,True,False
38,2020-09-14,123,BA,Banzaê,2902658,city,221,1670.57,4,0,0,0,13229,True,False
38,2020-09-14,168,BA,Barra,2902708,city,185,345.291,0,4,0,0.0216,53578,True,False
38,2020-09-14,100,BA,"Barra da Estiva",2902807,city,9,43.6936,0,0,0,0,20598,True,False
38,2020-09-14,162,BA,"Barra do Choça",2902906,city,393,1243.55,5,5,0,0.0127,31603,True,False
38,2020-09-14,116,BA,"Barra do Mendes",2903003,city,18,129.823,0,0,0,0,13865,True,False
38,2020-09-14,167,BA,"Barra do Rocha",2903102,city,91,1592.58,0,0,0,0,5714,True,False
38,2020-09-14,177,BA,Barreiras,2903201,city,4208,2707.17,7,69,1,0.0164,155439,True,False
38,2020-09-14,74,BA,"Barro Alto",2903235,city,48,321.479,0,1,0,0.0208,14931,True,False
38,2020-09-14,128,BA,Barrocas,2903276,city,124,776.067,0,0,0,0,15978,True,False
38,2020-09-14,149,BA,"Barro Preto",2903300,city,230,4113.75,0,4,0,0.0174,5591,True,False
38,2020-09-14,166,BA,Belmonte,2903409,city,446,1911.87,0,3,0,0.0067,23328,True,False
38,2020-09-14,93,BA,"Belo Campo",2903508,city,45,261.461,1,1,0,0.0222,17211,True,False
38,2020-09-14,114,BA,Biritinga,2903607,city,74,463.108,0,0,0,0,15979,True,False
38,2020-09-14,102,BA,"Boa Nova",2903706,city,111,878.651,2,3,0,0.027,12633,True,False
38,2020-09-14,131,BA,"Boa Vista do Tupim",2903805,city,98,527.562,0,1,0,0.0102,18576,True,False
38,2020-09-14,154,BA,"Bom Jesus da Lapa",2903904,city,329,475.791,2,2,0,0.0061,69148,True,False
38,2020-09-14,113,BA,"Bom Jesus da Serra",2903953,city,98,991.903,0,0,0,0,9880,True,False
38,2020-09-14,102,BA,Boninal,2904001,city,9,62.6392,0,1,0,0.1111,14368,True,False
38,2020-09-14,103,BA,Bonito,2904050,city,44,262.467,0,2,0,0.0455,16764,True,False
38,2020-09-14,125,BA,Boquira,2904100,city,35,162.73,0,0,0,0,21508,True,False
38,2020-09-14,98,BA,Botuporã,2904209,city,5,48.9668,0,1,0,0.2,10211,True,False
38,2020-09-14,97,BA,Brejões,2904308,city,53,370.759,0,1,0,0.0189,14295,True,False
38,2020-09-14,42,BA,Brejolândia,2904407,city,5,47.3619,0,1,0,0.2,10557,True,False
38,2020-09-14,102,BA,"Brotas de Macaúbas",2904506,city,2,19.5484,1,0,0,0,10231,True,False
38,2020-09-14,176,BA,Brumado,2904605,city,1098,1634.05,20,15,1,0.0137,67195,True,False
38,2020-09-14,152,BA,Buerarema,2904704,city,470,2561.45,2,15,0,0.0319,18349,True,False
38,2020-09-14,109,BA,Buritirama,2904753,city,219,1034.29,0,5,0,0.0228,21174,True,False
38,2020-09-14,95,BA,Caatiba,2904803,city,245,3625.33,4,0,0,0,6758,True,False
38,2020-09-14,123,BA,"Cabaceiras do Paraguaçu",2904852,city,64,340.299,0,1,0,0.0156,18807,True,False
38,2020-09-14,164,BA,Cachoeira,2904902,city,426,1272.78,0,9,0,0.0211,33470,True,False
38,2020-09-14,109,BA,Caculé,2905008,city,77,332.326,0,2,0,0.026,23170,True,False
38,2020-09-14,120,BA,Caém,2905107,city,108,1172.26,0,0,0,0,9213,True,False
38,2020-09-14,142,BA,Caetanos,2905156,city,59,405.721,0,0,0,0,14542,True,False
38,2020-09-14,119,BA,Caetité,2905206,city,152,298.185,0,4,0,0.0263,50975,True,False
38,2020-09-14,80,BA,Cafarnaum,2905305,city,184,997.993,1,2,0,0.0109,18437,True,False
38,2020-09-14,126,BA,Cairu,2905404,city,204,1122.36,10,5,2,0.0245,18176,True,False
38,2020-09-14,143,BA,"Caldeirão Grande",2905503,city,122,915.435,0,1,0,0.0082,13327,True,False
38,2020-09-14,158,BA,Camacan,2905602,city,1349,4217.21,9,26,0,0.0193,31988,True,False
38,2020-09-14,179,BA,Camaçari,2905701,city,5841,1952.65,4,103,1,0.0176,299132,True,False
38,2020-09-14,142,BA,Camamu,2905800,city,800,2265.26,1,14,0,0.0175,35316,True,False
38,2020-09-14,145,BA,"Campo Alegre de Lourdes",2905909,city,111,385.443,0,2,0,0.018,28798,True,False
38,2020-09-14,162,BA,"Campo Formoso",2906006,city,988,1387.52,3,11,0,0.0111,71206,True,False
38,2020-09-14,21,BA,Canápolis,2906105,city,29,298.63,0,0,0,0,9711,True,False
38,2020-09-14,174,BA,Canarana,2906204,city,100,382.029,2,1,0,0.01,26176,True,False
38,2020-09-14,155,BA,Canavieiras,2906303,city,199,639.892,1,11,0,0.0553,31099,True,False
38,2020-09-14,105,BA,Candeal,2906402,city,81,980.867,0,0,0,0,8258,True,False
38,2020-09-14,168,BA,Candeias,2906501,city,2143,2461.07,0,53,0,0.0247,87076,True,False
38,2020-09-14,108,BA,Candiba,2906600,city,28,195.544,1,0,0,0,14319,True,False
38,2020-09-14,115,BA,"Cândido Sales",2906709,city,508,2016.75,2,8,0,0.0157,25189,True,False
38,2020-09-14,158,BA,Cansanção,2906808,city,157,450.709,0,3,0,0.0191,34834,True,False
38,2020-09-14,109,BA,Canudos,2906824,city,122,731.941,0,4,0,0.0328,16668,True,False
38,2020-09-14,128,BA,"Capela do Alto Alegre",2906857,city,165,1417.89,0,1,0,0.0061,11637,True,False
38,2020-09-14,157,BA,"Capim Grosso",2906873,city,973,3173.31,6,9,0,0.0092,30662,True,False
38,2020-09-14,112,BA,Caraíbas,2906899,city,20,223.439,0,0,0,0,8951,True,False
38,2020-09-14,104,BA,Caravelas,2906907,city,309,1403.52,2,4,0,0.0129,22016,True,False
38,2020-09-14,120,BA,"Cardeal da Silva",2907004,city,56,602.474,0,1,0,0.0179,9295,True,False
38,2020-09-14,102,BA,Carinhanha,2907103,city,100,344.614,1,3,0,0.03,29018,True,False
38,2020-09-14,109,BA,"Casa Nova",2907202,city,451,626.659,0,8,0,0.0177,71969,True,False
38,2020-09-14,150,BA,"Castro Alves",2907301,city,389,1481.11,0,5,1,0.0129,26264,True,False
38,2020-09-14,94,BA,Catolândia,2907400,city,34,950.517,0,0,0,0,3577,True,False
38,2020-09-14,168,BA,Catu,2907509,city,1482,2709.13,5,13,0,0.0088,54704,True,False
38,2020-09-14,68,BA,Caturama,2907558,city,2,21.4385,0,0,0,0,9329,True,False
38,2020-09-14,108,BA,Central,2907608,city,47,272.211,0,0,0,0,17266,True,False
38,2020-09-14,102,BA,Chorrochó,2907707,city,34,304.196,2,2,0,0.0588,11177,True,False
38,2020-09-14,110,BA,"Cícero Dantas",2907806,city,518,1593.11,34,6,0,0.0116,32515,True,False
38,2020-09-14,114,BA,Cipó,2907905,city,177,1023.12,0,0,0,0,17300,True,False
38,2020-09-14,168,BA,Coaraci,2908002,city,468,2754.08,6,10,0,0.0214,16993,True,False
38,2020-09-14,119,BA,Cocos,2908101,city,72,383.448,4,3,0,0.0417,18777,True,False
38,2020-09-14,124,BA,"Conceição da Feira",2908200,city,551,2440.1,0,7,0,0.0127,22581,True,False
38,2020-09-14,123,BA,"Conceição do Almeida",2908309,city,532,3084.59,1,6,0,0.0113,17247,True,False
38,2020-09-14,160,BA,"Conceição do Coité",2908408,city,1824,2738.25,9,7,0,0.0038,66612,True,False
38,2020-09-14,177,BA,"Conceição do Jacuípe",2908507,city,564,1701.2,0,2,0,0.0035,33153,True,False
38,2020-09-14,175,BA,Conde,2908606,city,301,1165,0,7,0,0.0233,25837,True,False
38,2020-09-14,119,BA,Condeúba,2908705,city,49,284.107,2,3,0,0.0612,17247,True,False
38,2020-09-14,65,BA,"Contendas do Sincorá",2908804,city,35,860.797,0,0,0,0,4066,True,False
38,2020-09-14,150,BA,"Coração de Maria",2908903,city,261,1154.61,2,3,0,0.0115,22605,True,False
38,2020-09-14,97,BA,Cordeiros,2909000,city,30,348.27,0,1,0,0.0333,8614,True,False
38,2020-09-14,81,BA,Coribe,2909109,city,95,669.297,7,3,0,0.0316,14194,True,False
38,2020-09-14,111,BA,"Coronel João Sá",2909208,city,194,1220.51,0,1,0,0.0052,15895,True,False
38,2020-09-14,105,BA,Correntina,2909307,city,281,874.382,2,1,0,0.0036,32137,True,False
38,2020-09-14,77,BA,Cotegipe,2909406,city,58,420.839,1,5,0,0.0862,13782,True,False
38,2020-09-14,147,BA,Cravolândia,2909505,city,10,186.951,0,0,0,0,5349,True,False
38,2020-09-14,112,BA,Crisópolis,2909604,city,186,881.391,0,1,0,0.0054,21103,True,False
38,2020-09-14,123,BA,Cristópolis,2909703,city,102,733.285,0,0,0,0,13910,True,False
38,2020-09-14,144,BA,"Cruz das Almas",2909802,city,626,989.896,1,10,0,0.016,63239,True,False
38,2020-09-14,152,BA,Curaçá,2909901,city,305,878.963,0,2,0,0.0066,34700,True,False
38,2020-09-14,140,BA,"Dário Meira",2910008,city,537,5014.01,0,10,1,0.0186,10710,True,False
38,2020-09-14,169,BA,"Dias d'Ávila",2910057,city,1415,1745,16,29,0,0.0205,81089,True,False
38,2020-09-14,128,BA,"Dom Basílio",2910107,city,42,344.291,0,0,0,0,12199,True,False
38,2020-09-14,98,BA,"Dom Macedo Costa",2910206,city,77,1897.49,0,0,0,0,4058,True,False
38,2020-09-14,81,BA,"Elísio Medrado",2910305,city,60,738.734,0,1,0,0.0167,8122,True,False
38,2020-09-14,126,BA,Encruzilhada,2910404,city,145,852.64,1,3,0,0.0207,17006,True,False
38,2020-09-14,126,BA,"Entre Rios",2910503,city,315,753.949,4,3,0,0.0095,41780,True,False
38,2020-09-14,97,BA,"Érico Cardoso",2900504,city,3,28.2752,0,0,0,0,10610,True,False
38,2020-09-14,115,BA,Esplanada,2910602,city,340,913.07,3,5,0,0.0147,37237,True,False
38,2020-09-14,160,BA,"Euclides da Cunha",2910701,city,165,272.345,-1,6,0,0.0364,60585,True,False
38,2020-09-14,153,BA,Eunápolis,2910727,city,2860,2522.49,15,55,1,0.0192,113380,True,False
38,2020-09-14,111,BA,Fátima,2910750,city,336,1878.14,4,0,0,0,17890,True,False
38,2020-09-14,80,BA,"Feira da Mata",2910776,city,24,423.654,0,0,0,0,5665,True,False
38,2020-09-14,193,BA,"Feira de Santana",2910800,city,12349,2008.39,32,214,5,0.0173,614872,True,False
38,2020-09-14,107,BA,Filadélfia,2910859,city,377,2302.01,0,5,0,0.0133,16377,True,False
38,2020-09-14,104,BA,"Firmino Alves",2910909,city,73,1299.63,1,2,0,0.0274,5617,True,False
38,2020-09-14,154,BA,"Floresta Azul",2911006,city,328,3085.9,5,6,0,0.0183,10629,True,False
38,2020-09-14,103,BA,"Formosa do Rio Preto",2911105,city,195,761.987,0,3,0,0.0154,25591,True,False
38,2020-09-14,164,BA,Gandu,2911204,city,1393,4298.98,7,20,0,0.0144,32403,True,False
38,2020-09-14,44,BA,Gavião,2911253,city,40,896.258,0,0,0,0,4463,True,False
38,2020-09-14,97,BA,"Gentio do Ouro",2911303,city,182,1620.23,0,0,0,0,11233,True,False
38,2020-09-14,114,BA,Glória,2911402,city,173,1136.59,4,4,0,0.0231,15221,True,False
38,2020-09-14,160,BA,Gongogi,2911501,city,116,1627.39,0,3,0,0.0259,7128,True,False
38,2020-09-14,136,BA,"Governador Mangabeira",2911600,city,117,564.617,0,1,0,0.0085,20722,True,False
38,2020-09-14,98,BA,Guajeru,2911659,city,5,72.0773,0,0,0,0,6937,True,False
38,2020-09-14,150,BA,Guanambi,2911709,city,494,584.747,10,1,0,0.002,84481,True,False
38,2020-09-14,138,BA,Guaratinga,2911808,city,384,1842.35,3,5,0,0.013,20843,True,False
38,2020-09-14,80,BA,Heliópolis,2911857,city,50,383.7,0,0,0,0,13031,True,False
38,2020-09-14,123,BA,Iaçu,2911907,city,187,769.389,0,8,0,0.0428,24305,True,False
38,2020-09-14,80,BA,Ibiassucê,2912004,city,21,227.667,0,0,0,0,9224,True,False
38,2020-09-14,146,BA,Ibicaraí,2912103,city,689,3176.73,3,22,0,0.0319,21689,True,False
38,2020-09-14,82,BA,Ibicoara,2912202,city,12,61.3152,0,0,0,0,19571,True,False
38,2020-09-14,103,BA,Ibicuí,2912301,city,485,2994.2,0,5,0,0.0103,16198,True,False
38,2020-09-14,108,BA,Ibipeba,2912400,city,18,98.8414,1,0,0,0,18211,True,False
38,2020-09-14,103,BA,Ibipitanga,2912509,city,15,100.658,0,0,0,0,14902,True,False
38,2020-09-14,80,BA,Ibiquera,2912608,city,4,98.912,0,0,0,0,4044,True,False
38,2020-09-14,136,BA,Ibirapitanga,2912707,city,627,2682.35,0,8,0,0.0128,23375,True,False
38,2020-09-14,115,BA,Ibirapuã,2912806,city,128,1482,2,2,0,0.0156,8637,True,False
38,2020-09-14,163,BA,Ibirataia,2912905,city,947,6184.69,0,19,0,0.0201,15312,True,False
38,2020-09-14,123,BA,Ibitiara,2913002,city,11,67.3236,0,1,0,0.0909,16339,True,False
38,2020-09-14,61,BA,Ibititá,2913101,city,182,1063.52,0,3,0,0.0165,17113,True,False
38,2020-09-14,162,BA,Ibotirama,2913200,city,237,880.157,0,7,1,0.0295,26927,True,False
38,2020-09-14,80,BA,Ichu,2913309,city,23,370.609,0,1,0,0.0435,6206,True,False
38,2020-09-14,77,BA,Igaporã,2913408,city,22,140.665,0,2,0,0.0909,15640,True,False
38,2020-09-14,123,BA,Igrapiúna,2913457,city,245,1852.41,0,7,0,0.0286,13226,True,False
38,2020-09-14,110,BA,Iguaí,2913507,city,466,1731.31,1,13,0,0.0279,26916,True,False
38,2020-09-14,174,BA,Ilhéus,2913606,city,6275,3865.65,-2,208,3,0.0331,162327,True,False
38,2020-09-14,123,BA,Inhambupe,2913705,city,342,856.585,2,5,1,0.0146,39926,True,False
38,2020-09-14,123,BA,Ipecaetá,2913804,city,93,641.955,1,3,0,0.0323,14487,True,False
38,2020-09-14,172,BA,Ipiaú,2913903,city,1871,4078.65,1,31,0,0.0166,45873,True,False
38,2020-09-14,148,BA,Ipirá,2914000,city,372,624.213,0,6,0,0.0161,59595,True,False
38,2020-09-14,54,BA,Ipupiara,2914109,city,3,30.4105,0,0,0,0,9865,True,False
38,2020-09-14,72,BA,Irajuba,2914208,city,44,606.061,0,1,0,0.0227,7260,True,False
38,2020-09-14,102,BA,Iramaia,2914307,city,14,163.992,0,0,0,0,8537,True,False
38,2020-09-14,84,BA,Iraquara,2914406,city,206,816.942,0,0,0,0,25216,True,False
38,2020-09-14,127,BA,Irará,2914505,city,386,1329.48,0,3,0,0.0078,29034,True,False
38,2020-09-14,153,BA,Irecê,2914604,city,1505,2062.58,3,22,2,0.0146,72967,True,False
38,2020-09-14,148,BA,Itabela,2914653,city,717,2344.36,3,9,0,0.0126,30584,True,False
38,2020-09-14,148,BA,Itaberaba,2914703,city,2141,3319.95,19,38,0,0.0177,64489,True,False
38,2020-09-14,180,BA,Itabuna,2914802,city,11646,5461.89,58,232,3,0.0199,213223,True,False
38,2020-09-14,143,BA,Itacaré,2914901,city,365,1289.93,0,9,0,0.0247,28296,True,False
38,2020-09-14,116,BA,Itaeté,2915007,city,69,429.746,0,1,0,0.0145,16056,True,False
38,2020-09-14,160,BA,Itagi,2915106,city,314,2542.3,2,4,0,0.0127,12351,True,False
