date,state,city,place_type,confirmed,deaths,is_last,estimated_population,city_ibge_code,confirmed_per_100k_inhabitants,death_rate
2021-12-21,AC,,state,88339,1850,False,894470,12,9876.12776,0.0209
2021-12-21,AL,,state,241911,6381,False,3351543,27,7217.89934,0.0264
2021-12-21,AM,,state,432835,13822,False,4207714,13,10286.702,0.0319
2021-12-21,AP,,state,126309,2010,False,861773,16,14656.876,0.0159
2021-12-21,BA,,state,1264804,27444,False,14930634,29,8471.20089,0.0217
2021-12-21,CE,,state,954018,24760,False,9187103,23,10384.3181,0.026
2021-12-21,DF,Brasília,city,458852,10131,True,3055149,5300108,15018.97289,0.0221
2021-12-21,DF,Importados/Indefinidos,city,59834,959,True,,,,0.016
2021-12-21,DF,,state,518686,11090,False,3055149,53,16977.43711,0.0214
2021-12-21,ES,,state,627447,13289,False,4064052,32,15438.95108,0.0212
2021-12-21,MA,,state,369610,10357,False,7114598,21,5195.09324,0.028
2021-12-21,MG,,state,2217408,56568,False,21292666,31,10413.95192,0.0255
2021-12-21,MT,Acorizal,city,807,22,True,5334,5100102,15129.35883,0.0273
2021-12-21,MT,Água Boa,city,3870,99,True,26204,5100201,14768.7376,0.0256
2021-12-21,MT,Alta Floresta,city,11485,151,True,51959,5100250,22103.96659,0.0131
2021-12-21,MT,Alto Araguaia,city,1642,31,True,19385,5100300,8470.46686,0.0189
2021-12-21,MT,Alto Boa Vista,city,947,19,True,6936,5100359,13653.40254,0.0201
2021-12-21,MT,Alto Garças,city,1158,42,True,12151,5100409,9530.07983,0.0363
2021-12-21,MT,Alto Paraguai,city,929,29,True,11473,5100508,8097.27186,0.0312
2021-12-21,MT,Alto Taquari,city,1656,29,True,11133,5100607,14874.69685,0.0175
2021-12-21,MT,Apiacás,city,2095,18,True,10283,5100805,20373.43188,0.0086
2021-12-21,MT,Araguaiana,city,420,8,True,3109,5101001,13509.16693,0.019
2021-12-21,MT,Araguainha,city,29,1,True,946,5101209,3065.53911,0.0345
2021-12-21,MT,Araputanga,city,2242,56,True,16951,5101258,13226.35833,0.025
2021-12-21,MT,Arenápolis,city,1932,39,True,9502,5101308,20332.56157,0.0202
2021-12-21,MT,Aripuanã,city,3372,49,True,22714,5101407,14845.46975,0.0145
2021-12-21,MT,Barão de Melgaço,city,517,17,True,8164,5101605,6332.68006,0.0329
2021-12-21,MT,Barra do Bugres,city,3705,88,True,35307,5101704,10493.66981,0.0238
2021-12-21,MT,Barra do Garças,city,10622,383,True,61135,5101803,17374.66263,0.0361
2021-12-21,MT,Bom Jesus do Araguaia,city,1099,17,True,6706,5101852,16388.30898,0.0155
2021-12-21,MT,Brasnorte,city,2292,41,True,20140,5101902,11380.33764,0.0179
2021-12-21,MT,Cáceres,city,12097,436,True,94861,5102504,12752.3429,0.036
2021-12-21,MT,Campinápolis,city,1617,47,True,16919,5102603,9557.30244,0.0291
2021-12-21,MT,Campo Novo do Parecis,city,8051,97,True,36143,5102637,22275.40603,0.012
2021-12-21,MT,Campos de Júlio,city,1257,12,True,7070,5102686,17779.34936,0.0095
2021-12-21,MT,Campo Verde,city,6721,148,True,45740,5102678,14693.92217,0.022
2021-12-21,MT,Canabrava do Norte,city,553,13,True,4728,5102694,11696.2775,0.0235
2021-12-21,MT,Canarana,city,3897,76,True,21842,5102702,17841.77273,0.0195
2021-12-21,MT,Carlinda,city,2496,30,True,10199,5102793,24472.98755,0.012
2021-12-21,MT,Castanheira,city,798,29,True,8749,5102850,9121.0424,0.0363
2021-12-21,MT,Chapada dos Guimarães,city,1996,87,True,19453,5103007,10260.62818,0.0436
2021-12-21,MT,Cláudia,city,1883,39,True,12245,5103056,15377.70519,0.0207
2021-12-21,MT,Cocalinho,city,806,16,True,5681,5103106,14187.64302,0.0199
2021-12-21,MT,Colíder,city,5886,149,True,33649,5103205,17492.34747,0.0253
2021-12-21,MT,Colniza,city,3958,82,True,39861,5103254,9929.50503,0.0207
2021-12-21,MT,Comodoro,city,2014,37,True,21008,5103304,9586.82407,0.0184
2021-12-21,MT,Confresa,city,4284,110,True,31510,5103353,13595.68391,0.0257
2021-12-21,MT,Conquista D'Oeste,city,454,17,True,4101,5103361,11070.47062,0.0374
2021-12-21,MT,Cotriguaçu,city,1278,39,True,20238,5103379,6314.85325,0.0305
2021-12-21,MT,Cuiabá,city,114553,3553,True,618124,5103403,18532.36567,0.031
2021-12-21,MT,Curvelândia,city,683,19,True,5241,5103437,13031.86415,0.0278
2021-12-21,MT,Denise,city,649,18,True,9544,5103452,6800.08382,0.0277
2021-12-21,MT,Diamantino,city,2923,62,True,22178,5103502,13179.72766,0.0212
2021-12-21,MT,Dom Aquino,city,790,25,True,8159,5103601,9682.55914,0.0316
2021-12-21,MT,Feliz Natal,city,2084,32,True,14522,5103700,14350.64041,0.0154
2021-12-21,MT,Figueirópolis D'Oeste,city,341,9,True,3452,5103809,9878.3314,0.0264
2021-12-21,MT,Gaúcha do Norte,city,1272,29,True,7782,5103858,16345.41249,0.0228
2021-12-21,MT,General Carneiro,city,842,23,True,5592,5103908,15057.22461,0.0273
2021-12-21,MT,Glória D'Oeste,city,394,13,True,3008,5103957,13098.40426,0.033
2021-12-21,MT,Guarantã do Norte,city,4583,125,True,36130,5104104,12684.74952,0.0273
2021-12-21,MT,Guiratinga,city,805,39,True,15245,5104203,5280.41981,0.0484
2021-12-21,MT,Importados/Indefinidos,city,3427,254,True,,,,0.0741
2021-12-21,MT,Indiavaí,city,279,12,True,2779,5104500,10039.58258,0.043
2021-12-21,MT,Ipiranga do Norte,city,1402,19,True,7920,5104526,17702.0202,0.0136
2021-12-21,MT,Itanhangá,city,1093,14,True,6885,5104542,15875.09078,0.0128
2021-12-21,MT,Itaúba,city,883,29,True,3704,5104559,23839.09287,0.0328
2021-12-21,MT,Itiquira,city,815,16,True,13552,5104609,6013.87249,0.0196
2021-12-21,MT,Jaciara,city,3542,116,True,27807,5104807,12737.79983,0.0327
2021-12-21,MT,Jangada,city,624,22,True,8451,5104906,7383.74157,0.0353
2021-12-21,MT,Jauru,city,815,35,True,8582,5105002,9496.62083,0.0429
2021-12-21,MT,Juara,city,5479,93,True,35121,5105101,15600.35307,0.017
2021-12-21,MT,Juína,city,4701,142,True,41101,5105150,11437.67792,0.0302
2021-12-21,MT,Juruena,city,1499,38,True,16335,5105176,9176.61463,0.0254
2021-12-21,MT,Juscimeira,city,1562,46,True,11176,5105200,13976.37795,0.0294
2021-12-21,MT,Lambari D'Oeste,city,750,14,True,6186,5105234,12124.15131,0.0187
2021-12-21,MT,Lucas do Rio Verde,city,15789,207,True,67620,5105259,23349.60071,0.0131
2021-12-21,MT,Luciara,city,206,7,True,2058,5105309,10009.71817,0.034
2021-12-21,MT,Marcelândia,city,1748,43,True,10301,5105580,16969.22629,0.0246
2021-12-21,MT,Matupá,city,2445,54,True,16793,5105606,14559.63794,0.0221
2021-12-21,MT,Mirassol d'Oeste,city,4282,138,True,27941,5105622,15325.14942,0.0322
2021-12-21,MT,Nobres,city,2221,74,True,15334,5105903,14484.15286,0.0333
2021-12-21,MT,Nortelândia,city,903,26,True,5923,5106000,15245.65254,0.0288
2021-12-21,MT,Nossa Senhora do Livramento,city,1151,40,True,13104,5106109,8783.57753,0.0348
2021-12-21,MT,Nova Bandeirantes,city,1100,26,True,15685,5106158,7013.06981,0.0236
2021-12-21,MT,Nova Brasilândia,city,394,9,True,3805,5106208,10354.79632,0.0228
2021-12-21,MT,Nova Canaã do Norte,city,1656,32,True,12831,5106216,12906.24269,0.0193
2021-12-21,MT,Nova Guarita,city,874,16,True,4464,5108808,19578.85305,0.0183
2021-12-21,MT,Nova Lacerda,city,1047,12,True,6751,5106182,15508.81351,0.0115
2021-12-21,MT,Nova Marilândia,city,415,8,True,3304,5108857,12560.53269,0.0193
2021-12-21,MT,Nova Maringá,city,714,10,True,8850,5108907,8067.79661,0.014
2021-12-21,MT,Nova Monte Verde,city,1861,22,True,9277,5108956,20060.36434,0.0118
2021-12-21,MT,Nova Mutum,city,9437,140,True,46813,5106224,20158.93021,0.0148
2021-12-21,MT,Nova Nazaré,city,388,9,True,3932,5106174,9867.75178,0.0232
2021-12-21,MT,Nova Olímpia,city,1735,73,True,20563,5106232,8437.4848,0.0421
2021-12-21,MT,Nova Santa Helena,city,544,13,True,3737,5106190,14557.13139,0.0239
2021-12-21,MT,Nova Ubiratã,city,1089,26,True,12298,5106240,8855.09839,0.0239
2021-12-21,MT,Nova Xavantina,city,3643,71,True,20944,5106257,17394.00306,0.0195
2021-12-21,MT,Novo Horizonte do Norte,city,473,9,True,4051,5106273,11676.12935,0.019
2021-12-21,MT,Novo Mundo,city,1022,20,True,9363,5106265,10915.30492,0.0196
2021-12-21,MT,Novo Santo Antônio,city,404,6,True,2705,5106315,14935.30499,0.0149
2021-12-21,MT,Novo São Joaquim,city,749,21,True,4938,5106281,15168.08424,0.028
2021-12-21,MT,Paranaíta,city,3192,35,True,11244,5106299,28388.47385,0.011
2021-12-21,MT,Paranatinga,city,3530,82,True,22861,5106307,15441.14431,0.0232
2021-12-21,MT,Pedra Preta,city,1984,66,True,17446,5106372,11372.23432,0.0333
2021-12-21,MT,Peixoto de Azevedo,city,4244,132,True,35338,5106422,12009.73456,0.0311
2021-12-21,MT,Planalto da Serra,city,391,9,True,2649,5106455,14760.2869,0.023
2021-12-21,MT,Poconé,city,3743,86,True,33315,5106505,11235.17935,0.023
2021-12-21,MT,Pontal do Araguaia,city,1130,25,True,6843,5106653,16513.22519,0.0221
2021-12-21,MT,Ponte Branca,city,174,6,True,1550,5106703,11225.80645,0.0345
2021-12-21,MT,Pontes e Lacerda,city,6114,233,True,45774,5106752,13356.92751,0.0381
2021-12-21,MT,Porto Alegre do Norte,city,1024,22,True,12685,5106778,8072.52661,0.0215
2021-12-21,MT,Porto dos Gaúchos,city,756,9,True,5363,5106802,14096.58773,0.0119
2021-12-21,MT,Porto Esperidião,city,1577,58,True,12097,5106828,13036.28999,0.0368
2021-12-21,MT,Porto Estrela,city,473,13,True,2877,5106851,16440.73688,0.0275
2021-12-21,MT,Poxoréu,city,2101,56,True,15916,5107008,13200.5529,0.0267
2021-12-21,MT,Primavera do Leste,city,14972,333,True,63092,5107040,23730.42541,0.0222
2021-12-21,MT,Querência,city,3668,70,True,17937,5107065,20449.3505,0.0191
2021-12-21,MT,Reserva do Cabaçal,city,304,7,True,2743,5107156,11082.75611,0.023
2021-12-21,MT,Ribeirão Cascalheira,city,1494,39,True,10329,5107180,14464.13012,0.0261
2021-12-21,MT,Ribeirãozinho,city,227,12,True,2422,5107198,9372.41949,0.0529
2021-12-21,MT,Rio Branco,city,822,21,True,5150,5107206,15961.16505,0.0255
2021-12-21,MT,Rondolândia,city,344,5,True,4036,5107578,8523.29039,0.0145
2021-12-21,MT,Rondonópolis,city,38577,943,True,236042,5107602,16343.27789,0.0244
2021-12-21,MT,Rosário Oeste,city,1705,56,True,17054,5107701,9997.65451,0.0328
2021-12-21,MT,Salto do Céu,city,272,9,True,3295,5107750,8254.93171,0.0331
2021-12-21,MT,Santa Carmem,city,844,14,True,4563,5107248,18496.60311,0.0166
2021-12-21,MT,Santa Cruz do Xingu,city,455,7,True,2633,5107743,17280.66844,0.0154
2021-12-21,MT,Santa Rita do Trivelato,city,216,4,True,3506,5107768,6160.86708,0.0185
2021-12-21,MT,Santa Terezinha,city,605,15,True,8460,5107776,7151.30024,0.0248
2021-12-21,MT,Santo Afonso,city,333,13,True,3155,5107263,10554.67512,0.039
2021-12-21,MT,Santo Antônio do Leste,city,329,8,True,5334,5107792,6167.979,0.0243
2021-12-21,MT,Santo Antônio do Leverger,city,1394,58,True,16999,5107800,8200.48238,0.0416
2021-12-21,MT,São Félix do Araguaia,city,2175,43,True,11843,5107859,18365.27907,0.0198
2021-12-21,MT,São José do Povo,city,206,7,True,4450,5107297,4629.21348,0.034
2021-12-21,MT,São José do Rio Claro,city,1975,38,True,21011,5107305,9399.83818,0.0192
2021-12-21,MT,São José dos Quatro Marcos,city,2928,99,True,18846,5107107,15536.45336,0.0338
2021-12-21,MT,São José do Xingu,city,860,18,True,5620,5107354,15302.4911,0.0209
2021-12-21,MT,São Pedro da Cipa,city,735,27,True,4771,5107404,15405.57535,0.0367
2021-12-21,MT,Sapezal,city,5661,64,True,26688,5107875,21211.78058,0.0113
2021-12-21,MT,Serra Nova Dourada,city,289,7,True,1678,5107883,17222.88439,0.0242
2021-12-21,MT,Sinop,city,27012,456,True,146005,5107909,18500.73628,0.0169
2021-12-21,MT,Sorriso,city,18630,234,True,92769,5107925,20082.13951,0.0126
2021-12-21,MT,Tabaporã,city,1604,26,True,9429,5107941,17011.34797,0.0162
2021-12-21,MT,Tangará da Serra,city,17905,361,True,105711,5107958,16937.6886,0.0202
2021-12-21,MT,Tapurah,city,2816,32,True,14046,5108006,20048.41236,0.0114
2021-12-21,MT,Terra Nova do Norte,city,1308,44,True,9473,5108055,13807.66389,0.0336
2021-12-21,MT,Tesouro,city,326,15,True,3824,5108105,8525.1046,0.046
2021-12-21,MT,Torixoréu,city,670,21,True,3547,5108204,18889.20214,0.0313
2021-12-21,MT,União do Sul,city,694,15,True,3490,5108303,19885.38682,0.0216
2021-12-21,MT,Vale de São Domingos,city,310,9,True,3126,5108352,9916.82662,0.029
2021-12-21,MT,Várzea Grande,city,41990,1430,True,287526,5108402,14603.89669,0.0341
2021-12-21,MT,Vera,city,1461,31,True,11402,5108501,12813.54148,0.0212
2021-12-21,MT,Vila Bela da Santíssima Trindade,city,2804,55,True,16271,5105507,17233.11413,0.0196
2021-12-21,MT,Vila Rica,city,2480,45,True,26496,5108600,9359.90338,0.0181
2021-12-21,MT,,state,555778,14035,False,3526220,51,15761.2968,0.0253
2021-12-21,PA,,state,621970,17049,False,8690745,15,7156.6937,0.0274
2021-12-21,PE,,state,643431,20379,False,9616621,26,6690.82207,0.0317
2021-12-21,PI,Acauã,city,219,2,True,7102,2200053,3083.63841,0.0091
2021-12-21,PI,Agricolândia,city,777,9,True,5131,2200103,15143.24693,0.0116
2021-12-21,PI,Água Branca,city,1555,75,True,17470,2200202,8900.9731,0.0482
2021-12-21,PI,Alagoinha do Piauí,city,396,13,True,7665,2200251,5166.34051,0.0328
2021-12-21,PI,Alegrete do Piauí,city,529,9,True,4918,2200277,10756.40504,0.017
2021-12-21,PI,Alto Longá,city,733,15,True,14339,2200301,5111.93249,0.0205
2021-12-21,PI,Altos,city,5063,101,True,40605,2200400,12468.90777,0.0199
2021-12-21,PI,Alvorada do Gurguéia,city,453,12,True,5445,2200459,8319.55923,0.0265
2021-12-21,PI,Amarante,city,1596,35,True,17604,2200509,9066.12134,0.0219
2021-12-21,PI,Angical do Piauí,city,894,12,True,6783,2200608,13180.00885,0.0134
2021-12-21,PI,Anísio de Abreu,city,291,14,True,9938,2200707,2928.15456,0.0481
2021-12-21,PI,Antônio Almeida,city,407,10,True,3170,2200806,12839.11672,0.0246
2021-12-21,PI,Aroazes,city,606,12,True,5827,2200905,10399.86271,0.0198
2021-12-21,PI,Aroeiras do Itaim,city,184,2,True,2551,2200954,7212.8577,0.0109
2021-12-21,PI,Arraial,city,172,3,True,4720,2201002,3644.0678,0.0174
2021-12-21,PI,Assunção do Piauí,city,404,8,True,7863,2201051,5137.98805,0.0198
2021-12-21,PI,Avelino Lopes,city,526,20,True,11326,2201101,4644.18153,0.038
2021-12-21,PI,Baixa Grande do Ribeiro,city,2669,35,True,11671,2201150,22868.64879,0.0131
2021-12-21,PI,Barra D'Alcântara,city,155,4,True,3952,2201176,3922.06478,0.0258
2021-12-21,PI,Barras,city,5698,97,True,47185,2201200,12075.87157,0.017
2021-12-21,PI,Barreiras do Piauí,city,114,4,True,3352,2201309,3400.95465,0.0351
2021-12-21,PI,Barro Duro,city,764,12,True,7027,2201408,10872.34951,0.0157
2021-12-21,PI,Batalha,city,1365,35,True,26905,2201507,5073.40643,0.0256
2021-12-21,PI,Bela Vista do Piauí,city,321,7,True,4030,2201556,7965.26055,0.0218
2021-12-21,PI,Belém do Piauí,city,495,8,True,3587,2201572,13799.83273,0.0162
2021-12-21,PI,Beneditinos,city,1338,41,True,10473,2201606,12775.70897,0.0306
2021-12-21,PI,Bertolínia,city,939,12,True,5507,2201705,17051.02597,0.0128
2021-12-21,PI,Betânia do Piauí,city,182,3,True,6210,2201739,2930.75684,0.0165
2021-12-21,PI,Boa Hora,city,606,7,True,6815,2201770,8892.14967,0.0116
2021-12-21,PI,Bocaina,city,442,10,True,4505,2201804,9811.32075,0.0226
2021-12-21,PI,Bom Jesus,city,3824,49,True,25387,2201903,15062.82743,0.0128
2021-12-21,PI,Bom Princípio do Piauí,city,143,13,True,5651,2201919,2530.52557,0.0909
2021-12-21,PI,Bonfim do Piauí,city,510,8,True,5685,2201929,8970.97625,0.0157
2021-12-21,PI,Boqueirão do Piauí,city,855,11,True,6426,2201945,13305.32213,0.0129
2021-12-21,PI,Brasileira,city,660,16,True,8347,2201960,7907.03247,0.0242
2021-12-21,PI,Brejo do Piauí,city,159,4,True,3848,2201988,4132.01663,0.0252
2021-12-21,PI,Buriti dos Lopes,city,1365,35,True,19807,2202000,6891.503,0.0256
2021-12-21,PI,Buriti dos Montes,city,718,10,True,8264,2202026,8688.28654,0.0139
2021-12-21,PI,Cabeceiras do Piauí,city,721,17,True,10630,2202059,6782.6905,0.0236
2021-12-21,PI,Cajazeiras do Piauí,city,81,2,True,3573,2202075,2267.00252,0.0247
2021-12-21,PI,Cajueiro da Praia,city,489,20,True,7674,2202083,6372.16575,0.0409
2021-12-21,PI,Caldeirão Grande do Piauí,city,551,2,True,5781,2202091,9531.22297,0.0036
2021-12-21,PI,Campinas do Piauí,city,247,1,True,5620,2202109,4395.01779,0.004
2021-12-21,PI,Campo Alegre do Fidalgo,city,196,2,True,5069,2202117,3866.64036,0.0102
2021-12-21,PI,Campo Grande do Piauí,city,516,11,True,5965,2202133,8650.46102,0.0213
2021-12-21,PI,Campo Largo do Piauí,city,515,6,True,7311,2202174,7044.18,0.0117
2021-12-21,PI,Campo Maior,city,6257,155,True,46893,2202208,13343.1429,0.0248
2021-12-21,PI,Canavieira,city,199,7,True,3944,2202251,5045.63895,0.0352
2021-12-21,PI,Canto do Buriti,city,1386,46,True,21258,2202307,6519.89839,0.0332
2021-12-21,PI,Capitão de Campos,city,850,27,True,11445,2202406,7426.82394,0.0318
2021-12-21,PI,Capitão Gervásio Oliveira,city,134,10,True,4114,2202455,3257.17064,0.0746
2021-12-21,PI,Caracol,city,390,17,True,10964,2202505,3557.09595,0.0436
2021-12-21,PI,Caraúbas do Piauí,city,193,12,True,5890,2202539,3276.74024,0.0622
2021-12-21,PI,Caridade do Piauí,city,619,5,True,5085,2202554,12173.05801,0.0081
2021-12-21,PI,Castelo do Piauí,city,1968,37,True,19715,2202604,9982.24702,0.0188
2021-12-21,PI,Caxingó,city,154,1,True,5451,2202653,2825.16969,0.0065
2021-12-21,PI,Cocal,city,1495,47,True,27845,2202703,5369.007,0.0314
2021-12-21,PI,Cocal de Telha,city,525,13,True,4899,2202711,10716.47275,0.0248
2021-12-21,PI,Cocal dos Alves,city,414,6,True,6168,2202729,6712.06226,0.0145
2021-12-21,PI,Coivaras,city,338,5,True,4032,2202737,8382.93651,0.0148
2021-12-21,PI,Colônia do Gurguéia,city,574,12,True,6516,2202752,8809.08533,0.0209
2021-12-21,PI,Colônia do Piauí,city,480,5,True,7661,2202778,6265.50059,0.0104
2021-12-21,PI,Conceição do Canindé,city,434,7,True,4807,2202802,9028.5001,0.0161
2021-12-21,PI,Coronel José Dias,city,129,6,True,4685,2202851,2753.46852,0.0465
2021-12-21,PI,Corrente,city,2059,33,True,26709,2202901,7709.01194,0.016
2021-12-21,PI,Cristalândia do Piauí,city,70,4,True,8323,2203008,841.04289,0.0571
2021-12-21,PI,Cristino Castro,city,941,13,True,10444,2203107,9009.95787,0.0138
2021-12-21,PI,Curimatá,city,1209,17,True,11426,2203206,10581.13075,0.0141
2021-12-21,PI,Currais,city,386,3,True,4968,2203230,7769.72625,0.0078
2021-12-21,PI,Curralinhos,city,501,2,True,4459,2203255,11235.70307,0.004
2021-12-21,PI,Curral Novo do Piauí,city,309,2,True,5367,2203271,5757.40637,0.0065
2021-12-21,PI,Demerval Lobão,city,3522,34,True,13840,2203305,25447.97688,0.0097
2021-12-21,PI,Dirceu Arcoverde,city,219,8,True,7029,2203354,3115.66368,0.0365
2021-12-21,PI,Dom Expedito Lopes,city,625,12,True,6922,2203404,9029.18232,0.0192
2021-12-21,PI,Domingos Mourão,city,249,4,True,4354,2203420,5718.87919,0.0161
2021-12-21,PI,Dom Inocêncio,city,320,6,True,9565,2203453,3345.53058,0.0187
2021-12-21,PI,Elesbão Veloso,city,708,32,True,14575,2203503,4857.63293,0.0452
2021-12-21,PI,Eliseu Martins,city,301,15,True,4930,2203602,6105.47667,0.0498
2021-12-21,PI,Esperantina,city,2926,87,True,39848,2203701,7342.90303,0.0297
2021-12-21,PI,Fartura do Piauí,city,187,5,True,5319,2203750,3515.69844,0.0267
2021-12-21,PI,Flores do Piauí,city,188,5,True,4462,2203800,4213.35724,0.0266
2021-12-21,PI,Floresta do Piauí,city,99,4,True,2560,2203859,3867.1875,0.0404
2021-12-21,PI,Floriano,city,9170,172,True,60025,2203909,15276.96793,0.0188
2021-12-21,PI,Francinópolis,city,75,3,True,5347,2204006,1402.65569,0.04
2021-12-21,PI,Francisco Ayres,city,291,7,True,4323,2204105,6731.4365,0.0241
2021-12-21,PI,Francisco Macedo,city,496,5,True,3200,2204154,15500.0,0.0101
2021-12-21,PI,Francisco Santos,city,541,7,True,9372,2204204,5772.51387,0.0129
2021-12-21,PI,Fronteiras,city,1070,11,True,11659,2204303,9177.45947,0.0103
2021-12-21,PI,Geminiano,city,483,6,True,5460,2204352,8846.15385,0.0124
2021-12-21,PI,Gilbués,city,689,6,True,10694,2204402,6442.86516,0.0087
2021-12-21,PI,Guadalupe,city,1237,24,True,10497,2204501,11784.31933,0.0194
2021-12-21,PI,Guaribas,city,108,2,True,4568,2204550,2364.2732,0.0185
2021-12-21,PI,Hugo Napoleão,city,672,9,True,3879,2204600,17324.05259,0.0134
2021-12-21,PI,Ilha Grande,city,1113,21,True,9457,2204659,11769.05996,0.0189
2021-12-21,PI,Inhuma,city,1656,24,True,15319,2204709,10810.1051,0.0145
2021-12-21,PI,Ipiranga do Piauí,city,789,15,True,9838,2204808,8019.92275,0.019
2021-12-21,PI,Isaías Coelho,city,800,7,True,8566,2204907,9339.24819,0.0088
2021-12-21,PI,Itainópolis,city,1006,11,True,11551,2205003,8709.20267,0.0109
2021-12-21,PI,Itaueira,city,206,25,True,11028,2205102,1867.97243,0.1214
2021-12-21,PI,Jacobina do Piauí,city,401,4,True,5729,2205151,6999.47635,0.01
2021-12-21,PI,Jaicós,city,2261,41,True,19170,2205201,11794.47053,0.0181
2021-12-21,PI,Jardim do Mulato,city,275,3,True,4513,2205250,6093.50764,0.0109
2021-12-21,PI,Jatobá do Piauí,city,368,10,True,4875,2205276,7548.71795,0.0272
2021-12-21,PI,Jerumenha,city,211,6,True,4447,2205300,4744.77176,0.0284
2021-12-21,PI,João Costa,city,201,3,True,3005,2205359,6688.85191,0.0149
2021-12-21,PI,Joaquim Pires,city,1636,31,True,14376,2205409,11380.07791,0.0189
2021-12-21,PI,Joca Marques,city,611,7,True,5466,2205458,11178.19246,0.0115
2021-12-21,PI,José de Freitas,city,6334,86,True,39336,2205508,16102.29815,0.0136
2021-12-21,PI,Juazeiro do Piauí,city,404,4,True,5485,2205516,7365.54239,0.0099
2021-12-21,PI,Júlio Borges,city,149,14,True,5640,2205524,2641.84397,0.094
2021-12-21,PI,Jurema,city,306,5,True,4777,2205532,6405.69395,0.0163
2021-12-21,PI,Lagoa Alegre,city,364,13,True,8577,2205557,4243.90813,0.0357
2021-12-21,PI,Lagoa de São Francisco,city,549,4,True,6777,2205573,8100.92961,0.0073
2021-12-21,PI,Lagoa do Barro do Piauí,city,1036,8,True,4656,2205565,22250.85911,0.0077
2021-12-21,PI,Lagoa do Piauí,city,929,4,True,4075,2205581,22797.54601,0.0043
2021-12-21,PI,Lagoa do Sítio,city,97,13,True,5198,2205599,1866.10235,0.134
2021-12-21,PI,Lagoinha do Piauí,city,355,9,True,2858,2205540,12421.27362,0.0254
2021-12-21,PI,Landri Sales,city,1190,18,True,5283,2205607,22525.08045,0.0151
2021-12-21,PI,Luís Correia,city,1947,64,True,30438,2205706,6396.6095,0.0329
2021-12-21,PI,Luzilândia,city,2747,61,True,25504,2205805,10770.85947,0.0222
2021-12-21,PI,Madeiro,city,411,6,True,8342,2205854,4926.87605,0.0146
2021-12-21,PI,Manoel Emídio,city,499,18,True,5351,2205904,9325.35975,0.0361
2021-12-21,PI,Marcolândia,city,982,21,True,8543,2205953,11494.79106,0.0214
2021-12-21,PI,Marcos Parente,city,394,8,True,4547,2206001,8665.05388,0.0203
2021-12-21,PI,Massapê do Piauí,city,255,2,True,6449,2206050,3954.10141,0.0078
2021-12-21,PI,Matias Olímpio,city,726,14,True,10958,2206100,6625.29659,0.0193
2021-12-21,PI,Miguel Alves,city,2151,33,True,33833,2206209,6357.69811,0.0153
2021-12-21,PI,Miguel Leão,city,286,3,True,1242,2206308,23027.3752,0.0105
2021-12-21,PI,Milton Brandão,city,311,3,True,6608,2206357,4706.41646,0.0096
2021-12-21,PI,Monsenhor Gil,city,1646,39,True,10564,2206407,15581.21924,0.0237
2021-12-21,PI,Monsenhor Hipólito,city,698,5,True,7767,2206506,8986.73877,0.0072
2021-12-21,PI,Monte Alegre do Piauí,city,1191,18,True,10615,2206605,11219.97174,0.0151
2021-12-21,PI,Morro Cabeça no Tempo,city,165,4,True,4530,2206654,3642.38411,0.0242
2021-12-21,PI,Morro do Chapéu do Piauí,city,1007,6,True,6811,2206670,14784.90677,0.006
2021-12-21,PI,Murici dos Portelas,city,299,11,True,9209,2206696,3246.82376,0.0368
2021-12-21,PI,Nazaré do Piauí,city,412,13,True,7322,2206704,5626.8779,0.0316
2021-12-21,PI,Nazária,city,446,18,True,8602,2206720,5184.84073,0.0404
2021-12-21,PI,Nossa Senhora de Nazaré,city,526,18,True,4891,2206753,10754.44694,0.0342
2021-12-21,PI,Nossa Senhora dos Remédios,city,812,13,True,8723,2206803,9308.72406,0.016
2021-12-21,PI,Nova Santa Rita,city,151,4,True,4383,2207959,3445.12891,0.0265
2021-12-21,PI,Novo Oriente do Piauí,city,425,13,True,6556,2206902,6482.61135,0.0306
2021-12-21,PI,Novo Santo Antônio,city,263,4,True,3003,2206951,8757.90876,0.0152
2021-12-21,PI,Oeiras,city,5194,84,True,37085,2207009,14005.66267,0.0162
2021-12-21,PI,Olho D'Água do Piauí,city,290,3,True,2468,2207108,11750.40519,0.0103
2021-12-21,PI,Padre Marcos,city,527,9,True,6873,2207207,7667.68514,0.0171
2021-12-21,PI,Paes Landim,city,141,7,True,4126,2207306,3417.35337,0.0496
2021-12-21,PI,Pajeú do Piauí,city,103,8,True,3404,2207355,3025.85194,0.0777
2021-12-21,PI,Palmeira do Piauí,city,235,6,True,5036,2207405,4666.40191,0.0255
2021-12-21,PI,Palmeirais,city,325,23,True,14587,2207504,2228.01124,0.0708
2021-12-21,PI,Paquetá,city,190,8,True,3937,2207553,4826.00965,0.0421
2021-12-21,PI,Parnaguá,city,325,10,True,10819,2207603,3003.97449,0.0308
2021-12-21,PI,Parnaíba,city,16716,452,True,153482,2207702,10891.17942,0.027
2021-12-21,PI,Passagem Franca do Piauí,city,255,10,True,4323,2207751,5898.68147,0.0392
2021-12-21,PI,Patos do Piauí,city,385,10,True,6406,2207777,6009.99063,0.026
2021-12-21,PI,Pau D'Arco do Piauí,city,394,5,True,4065,2207793,9692.49692,0.0127
2021-12-21,PI,Paulistana,city,1261,16,True,20554,2207801,6135.05887,0.0127
2021-12-21,PI,Pavussu,city,326,11,True,3669,2207850,8885.25484,0.0337
2021-12-21,PI,Pedro II,city,4433,110,True,38778,2207900,11431.73965,0.0248
2021-12-21,PI,Pedro Laurentino,city,76,2,True,2544,2207934,2987.42138,0.0263
2021-12-21,PI,Picos,city,9381,169,True,78431,2208007,11960.83181,0.018
2021-12-21,PI,Pimenteiras,city,1203,29,True,12139,2208106,9910.20677,0.0241
2021-12-21,PI,Pio IX,city,1230,22,True,18459,2208205,6663.41622,0.0179
2021-12-21,PI,Piracuruca,city,2974,102,True,28874,2208304,10299.92381,0.0343
2021-12-21,PI,Piripiri,city,11174,204,True,63787,2208403,17517.67602,0.0183
2021-12-21,PI,Porto,city,542,15,True,12608,2208502,4298.85787,0.0277
2021-12-21,PI,Porto Alegre do Piauí,city,186,4,True,2720,2208551,6838.23529,0.0215
2021-12-21,PI,Prata do Piauí,city,213,5,True,3150,2208601,6761.90476,0.0235
2021-12-21,PI,Queimada Nova,city,747,6,True,9017,2208650,8284.35178,0.008
2021-12-21,PI,Redenção do Gurguéia,city,698,21,True,8796,2208700,7935.42519,0.0301
2021-12-21,PI,Regeneração,city,1059,26,True,17979,2208809,5890.20524,0.0246
2021-12-21,PI,Riacho Frio,city,138,4,True,4309,2208858,3202.59921,0.029
2021-12-21,PI,Ribeira do Piauí,city,45,6,True,4488,2208874,1002.6738,0.1333
2021-12-21,PI,Ribeiro Gonçalves,city,880,15,True,7376,2208908,11930.58568,0.017
2021-12-21,PI,Rio Grande do Piauí,city,443,8,True,6433,2209005,6886.36717,0.0181
2021-12-21,PI,Santa Cruz do Piauí,city,875,15,True,6247,2209104,14006.72323,0.0171
2021-12-21,PI,Santa Cruz dos Milagres,city,288,2,True,4033,2209153,7141.08604,0.0069
2021-12-21,PI,Santa Filomena,city,129,4,True,6254,2209203,2062.67988,0.031
2021-12-21,PI,Santa Luz,city,258,8,True,5882,2209302,4386.26318,0.031
2021-12-21,PI,Santana do Piauí,city,201,7,True,4642,2209351,4330.03016,0.0348
2021-12-21,PI,Santa Rosa do Piauí,city,141,5,True,5255,2209377,2683.1589,0.0355
2021-12-21,PI,Santo Antônio de Lisboa,city,122,5,True,6441,2209401,1894.11582,0.041
2021-12-21,PI,Santo Antônio dos Milagres,city,181,3,True,2166,2209450,8356.41736,0.0166
2021-12-21,PI,Santo Inácio do Piauí,city,273,6,True,3803,2209500,7178.54326,0.022
2021-12-21,PI,São Braz do Piauí,city,103,10,True,4451,2209559,2314.08672,0.0971
2021-12-21,PI,São Félix do Piauí,city,309,3,True,2932,2209609,10538.88131,0.0097
2021-12-21,PI,São Francisco de Assis do Piauí,city,88,3,True,5779,2209658,1522.7548,0.0341
2021-12-21,PI,São Francisco do Piauí,city,226,10,True,6420,2209708,3520.24922,0.0442
2021-12-21,PI,São Gonçalo do Gurguéia,city,231,5,True,3057,2209757,7556.42787,0.0216
2021-12-21,PI,São Gonçalo do Piauí,city,460,7,True,5030,2209807,9145.12922,0.0152
2021-12-21,PI,São João da Canabrava,city,621,8,True,4614,2209856,13459.03771,0.0129
2021-12-21,PI,São João da Fronteira,city,265,7,True,6064,2209872,4370.05277,0.0264
2021-12-21,PI,São João da Serra,city,424,16,True,6122,2209906,6925.84123,0.0377
2021-12-21,PI,São João da Varjota,city,350,2,True,4848,2209955,7219.47195,0.0057
2021-12-21,PI,São João do Arraial,city,896,8,True,8038,2209971,11147.05151,0.0089
2021-12-21,PI,São João do Piauí,city,2612,37,True,20662,2210003,12641.56422,0.0142
2021-12-21,PI,São José do Divino,city,239,12,True,5354,2210052,4463.95219,0.0502
2021-12-21,PI,São José do Peixe,city,186,3,True,3741,2210102,4971.93264,0.0161
2021-12-21,PI,São José do Piauí,city,249,9,True,6700,2210201,3716.41791,0.0361
2021-12-21,PI,São Julião,city,361,14,True,6371,2210300,5666.30042,0.0388
2021-12-21,PI,São Lourenço do Piauí,city,67,3,True,4577,2210359,1463.84094,0.0448
2021-12-21,PI,São Luis do Piauí,city,152,0,True,2646,2210375,5744.52003,0.0
2021-12-21,PI,São Miguel da Baixa Grande,city,195,3,True,2454,2210383,7946.21027,0.0154
2021-12-21,PI,São Miguel do Fidalgo,city,152,4,True,3038,2210391,5003.29164,0.0263
2021-12-21,PI,São Miguel do Tapuio,city,662,14,True,17639,2210409,3753.04722,0.0211
2021-12-21,PI,São Pedro do Piauí,city,1693,29,True,14324,2210508,11819.32421,0.0171
2021-12-21,PI,São Raimundo Nonato,city,3842,63,True,34877,2210607,11015.85572,0.0164
2021-12-21,PI,Sebastião Barros,city,25,3,True,3451,2210623,724.4277,0.12
2021-12-21,PI,Sebastião Leal,city,481,8,True,4303,2210631,11178.24773,0.0166
2021-12-21,PI,Sigefredo Pacheco,city,457,15,True,10058,2210656,4543.64685,0.0328
2021-12-21,PI,Simões,city,988,15,True,14649,2210706,6744.48768,0.0152
2021-12-21,PI,Simplício Mendes,city,1681,48,True,12746,2210805,13188.45128,0.0286
2021-12-21,PI,Socorro do Piauí,city,215,7,True,4563,2210904,4711.8124,0.0326
2021-12-21,PI,Sussuapara,city,535,11,True,6767,2210938,7906.01448,0.0206
2021-12-21,PI,Tamboril do Piauí,city,55,8,True,2929,2210953,1877.77398,0.1455
2021-12-21,PI,Tanque do Piauí,city,226,1,True,2773,2210979,8150.01803,0.0044
2021-12-21,PI,Teresina,city,110519,2610,True,868075,2211001,12731.50361,0.0236
2021-12-21,PI,União,city,2385,65,True,44569,2211100,5351.25311,0.0273
2021-12-21,PI,Uruçuí,city,4078,64,True,21655,2211209,18831.6786,0.0157
2021-12-21,PI,Valença do Piauí,city,2173,72,True,20929,2211308,10382.72254,0.0331
2021-12-21,PI,Várzea Branca,city,204,12,True,4938,2211357,4131.22722,0.0588
2021-12-21,PI,Várzea Grande,city,554,1,True,4386,2211407,12631.09895,0.0018
2021-12-21,PI,Vera Mendes,city,250,2,True,3080,2211506,8116.88312,0.008
2021-12-21,PI,Vila Nova do Piauí,city,349,1,True,2952,2211605,11822.49322,0.0029
2021-12-21,PI,Wall Ferraz,city,335,3,True,4471,2211704,7492.73093,0.009
2021-12-21,PI,,state,334080,7256,True,3281480,22,10180.77209,0.0217
2021-12-21,PR,,state,1593747,40858,False,11516840,41,13838.40533,0.0256
2021-12-21,RN,,state,385468,7557,True,3534165,24,10906.90446,0.0196
2021-12-21,RO,,state,282962,6704,False,1796460,11,15751.08825,0.0237
2021-12-21,RR,,state,128786,2074,True,631181,14,20403.97287,0.0161
2021-12-21,RS,Aceguá,city,402,8,True,4942,4300034,8134.35856,0.0199
2021-12-21,RS,Água Santa,city,603,11,True,3743,4300059,16110.07213,0.0182
2021-12-21,RS,Agudo,city,1997,32,True,16401,4300109,12176.08682,0.016
2021-12-21,RS,Ajuricaba,city,1569,32,True,6987,4300208,22455.9897,0.0204
2021-12-21,RS,Alecrim,city,314,12,True,5827,4300307,5388.70774,0.0382
2021-12-21,RS,Alegrete,city,11202,299,True,73028,4300406,15339.3219,0.0267
2021-12-21,RS,Alegria,city,398,4,True,3374,4300455,11796.08773,0.0101
2021-12-21,RS,Almirante Tamandaré do Sul,city,338,7,True,1949,4300471,17342.22678,0.0207
2021-12-21,RS,Alpestre,city,654,17,True,6067,4300505,10779.62749,0.026
2021-12-21,RS,Alto Alegre,city,213,2,True,1613,4300554,13205.20769,0.0094
2021-12-21,RS,Alto Feliz,city,330,2,True,3036,4300570,10869.56522,0.0061
2021-12-21,RS,Alvorada,city,23282,825,True,211352,4300604,11015.74624,0.0354
2021-12-21,RS,Amaral Ferrador,city,314,11,True,7085,4300638,4431.89838,0.035
2021-12-21,RS,Ametista do Sul,city,1031,25,True,7403,4300646,13926.78644,0.0242
2021-12-21,RS,André da Rocha,city,120,1,True,1343,4300661,8935.21966,0.0083
2021-12-21,RS,Anta Gorda,city,680,8,True,5961,4300703,11407.48197,0.0118
2021-12-21,RS,Antônio Prado,city,2827,34,True,13045,4300802,21671.13837,0.012
2021-12-21,RS,Arambaré,city,240,9,True,3562,4300851,6737.78776,0.0375
2021-12-21,RS,Araricá,city,1100,27,True,5771,4300877,19060.82135,0.0245
2021-12-21,RS,Aratiba,city,471,7,True,6189,4300901,7610.2763,0.0149
2021-12-21,RS,Arroio do Meio,city,3238,50,True,20967,4301008,15443.31569,0.0154
2021-12-21,RS,Arroio do Padre,city,270,4,True,2951,4301073,9149.44087,0.0148
2021-12-21,RS,Arroio do Sal,city,1336,40,True,10279,4301057,12997.37329,0.0299
2021-12-21,RS,Arroio dos Ratos,city,1257,42,True,14177,4301107,8866.47387,0.0334
2021-12-21,RS,Arroio do Tigre,city,1308,22,True,13413,4301206,9751.73339,0.0168
2021-12-21,RS,Arroio Grande,city,2223,58,True,18238,4301305,12188.8365,0.0261
2021-12-21,RS,Arvorezinha,city,931,28,True,10423,4301404,8932.16924,0.0301
2021-12-21,RS,Augusto Pestana,city,1011,14,True,6602,4301503,15313.54135,0.0138
2021-12-21,RS,Áurea,city,351,6,True,3535,4301552,9929.27864,0.0171
2021-12-21,RS,Bagé,city,12179,297,True,121335,4301602,10037.49948,0.0244
2021-12-21,RS,Balneário Pinhal,city,1205,56,True,14363,4301636,8389.6122,0.0465
2021-12-21,RS,Barão,city,778,13,True,6202,4301651,12544.34054,0.0167
2021-12-21,RS,Barão de Cotegipe,city,831,10,True,6620,4301701,12552.87009,0.012
2021-12-21,RS,Barão do Triunfo,city,506,8,True,7519,4301750,6729.6183,0.0158
2021-12-21,RS,Barracão,city,597,16,True,5256,4301800,11358.44749,0.0268
2021-12-21,RS,Barra do Guarita,city,118,8,True,3257,4301859,3622.96592,0.0678
2021-12-21,RS,Barra do Quaraí,city,608,9,True,4227,4301875,14383.72368,0.0148
2021-12-21,RS,Barra do Ribeiro,city,1194,54,True,13556,4301909,8807.90794,0.0452
2021-12-21,RS,Barra do Rio Azul,city,119,1,True,1655,4301925,7190.33233,0.0084
2021-12-21,RS,Barra Funda,city,623,14,True,2551,4301958,24421.79537,0.0225
2021-12-21,RS,Barros Cassal,city,886,14,True,11182,4302006,7923.4484,0.0158
2021-12-21,RS,Benjamin Constant do Sul,city,193,2,True,1958,4302055,9856.99694,0.0104
2021-12-21,RS,Bento Gonçalves,city,22986,404,True,121803,4302105,18871.45637,0.0176
2021-12-21,RS,Boa Vista das Missões,city,263,7,True,2092,4302154,12571.70172,0.0266
2021-12-21,RS,Boa Vista do Buricá,city,944,11,True,6712,4302204,14064.36234,0.0117
2021-12-21,RS,Boa Vista do Cadeado,city,235,4,True,2468,4302220,9521.88006,0.017
2021-12-21,RS,Boa Vista do Incra,city,316,4,True,2616,4302238,12079.5107,0.0127
2021-12-21,RS,Boa Vista do Sul,city,338,4,True,2778,4302253,12167.02664,0.0118
2021-12-21,RS,Bom Jesus,city,1050,24,True,11309,4302303,9284.64055,0.0229
2021-12-21,RS,Bom Princípio,city,2246,34,True,14255,4302352,15755.87513,0.0151
2021-12-21,RS,Bom Progresso,city,189,3,True,1899,4302378,9952.60664,0.0159
2021-12-21,RS,Bom Retiro do Sul,city,1164,38,True,12390,4302402,9394.67312,0.0326
2021-12-21,RS,Boqueirão do Leão,city,631,32,True,7702,4302451,8192.67723,0.0507
2021-12-21,RS,Bossoroca,city,506,22,True,6205,4302501,8154.71394,0.0435
2021-12-21,RS,Bozano,city,288,8,True,2111,4302584,13642.82331,0.0278
2021-12-21,RS,Braga,city,442,10,True,3311,4302600,13349.44126,0.0226
2021-12-21,RS,Brochier,city,652,6,True,5104,4302659,12774.29467,0.0092
2021-12-21,RS,Butiá,city,2614,59,True,20952,4302709,12476.13593,0.0226
2021-12-21,RS,Caçapava do Sul,city,4113,98,True,33548,4302808,12260.04531,0.0238
2021-12-21,RS,Cacequi,city,848,13,True,12423,4302907,6826.04846,0.0153
2021-12-21,RS,Cachoeira do Sul,city,11676,214,True,81869,4303004,14261.8085,0.0183
2021-12-21,RS,Cachoeirinha,city,16522,493,True,131240,4303103,12589.14965,0.0298
2021-12-21,RS,Cacique Doble,city,638,12,True,5074,4303202,12573.90619,0.0188
2021-12-21,RS,Caibaté,city,425,7,True,4823,4303301,8811.94277,0.0165
2021-12-21,RS,Caiçara,city,756,11,True,4700,4303400,16085.10638,0.0146
2021-12-21,RS,Camaquã,city,7744,157,True,66478,4303509,11648.96658,0.0203
2021-12-21,RS,Camargo,city,445,8,True,2742,4303558,16229.02991,0.018
2021-12-21,RS,Cambará do Sul,city,363,11,True,6406,4303608,5666.5626,0.0303
2021-12-21,RS,Campestre da Serra,city,315,2,True,3395,4303673,9278.35052,0.0063
2021-12-21,RS,Campina das Missões,city,709,9,True,5398,4303707,13134.49426,0.0127
2021-12-21,RS,Campinas do Sul,city,897,6,True,5438,4303806,16495.03494,0.0067
2021-12-21,RS,Campo Bom,city,11049,269,True,69458,4303905,15907.45486,0.0243
2021-12-21,RS,Campo Novo,city,688,21,True,4376,4304002,15722.12066,0.0305
2021-12-21,RS,Campos Borges,city,541,13,True,3295,4304101,16418.81639,0.024
2021-12-21,RS,Candelária,city,4049,78,True,31421,4304200,12886.28624,0.0193
2021-12-21,RS,Cândido Godói,city,763,5,True,6151,4304309,12404.48708,0.0066
2021-12-21,RS,Candiota,city,1315,17,True,9647,4304358,13631.18068,0.0129
2021-12-21,RS,Canela,city,6787,195,True,45488,4304408,14920.41857,0.0287
2021-12-21,RS,Canguçu,city,5011,104,True,56211,4304507,8914.62525,0.0208
2021-12-21,RS,Canoas,city,45573,1702,True,348208,4304606,13087.86702,0.0373
2021-12-21,RS,Canudos do Vale,city,168,4,True,1705,4304614,9853.37243,0.0238
2021-12-21,RS,Capão Bonito do Sul,city,326,5,True,1641,4304622,19865.93541,0.0153
2021-12-21,RS,Capão da Canoa,city,9480,217,True,54051,4304630,17538.99095,0.0229
2021-12-21,RS,Capão do Cipó,city,312,6,True,3699,4304655,8434.71208,0.0192
2021-12-21,RS,Capão do Leão,city,2896,88,True,25409,4304663,11397.53631,0.0304
2021-12-21,RS,Capela de Santana,city,1367,24,True,12064,4304689,11331.23342,0.0176
2021-12-21,RS,Capitão,city,458,3,True,2763,4304697,16576.18531,0.0066
2021-12-21,RS,Capivari do Sul,city,1065,9,True,4728,4304671,22525.38071,0.0085
2021-12-21,RS,Caraá,city,909,26,True,8350,4304713,10886.22754,0.0286
2021-12-21,RS,Carazinho,city,11288,272,True,62265,4304705,18128.96491,0.0241
2021-12-21,RS,Carlos Barbosa,city,5048,54,True,30241,4304804,16692.56969,0.0107
2021-12-21,RS,Carlos Gomes,city,184,1,True,1351,4304853,13619.54108,0.0054
2021-12-21,RS,Casca,city,1360,22,True,9051,4304903,15025.96398,0.0162
2021-12-21,RS,Caseiros,city,440,14,True,3216,4304952,13681.59204,0.0318
2021-12-21,RS,Catuípe,city,1175,27,True,8701,4305009,13504.19492,0.023
2021-12-21,RS,Caxias do Sul,city,79076,1460,True,517451,4305108,15281.83345,0.0185
2021-12-21,RS,Centenário,city,254,4,True,2877,4305116,8828.64095,0.0157
2021-12-21,RS,Cerrito,city,591,13,True,6047,4305124,9773.44138,0.022
2021-12-21,RS,Cerro Branco,city,342,5,True,4706,4305132,7267.31832,0.0146
2021-12-21,RS,Cerro Grande,city,289,7,True,2296,4305157,12587.10801,0.0242
2021-12-21,RS,Cerro Grande do Sul,city,1014,25,True,12413,4305173,8168.85523,0.0247
2021-12-21,RS,Cerro Largo,city,1948,27,True,14189,4305207,13728.94496,0.0139
2021-12-21,RS,Chapada,city,1458,27,True,9239,4305306,15780.92867,0.0185
2021-12-21,RS,Charqueadas,city,5354,113,True,41258,4305355,12976.87721,0.0211
2021-12-21,RS,Charrua,city,377,12,True,3252,4305371,11592.86593,0.0318
2021-12-21,RS,Chiapetta,city,501,17,True,3719,4305405,13471.36327,0.0339
2021-12-21,RS,Chuí,city,573,4,True,6770,4305439,8463.81093,0.007
2021-12-21,RS,Chuvisca,city,411,4,True,5480,4305447,7500.0,0.0097
2021-12-21,RS,Cidreira,city,2319,78,True,16583,4305454,13984.20069,0.0336
2021-12-21,RS,Ciríaco,city,849,27,True,4719,4305504,17991.09981,0.0318
2021-12-21,RS,Colinas,city,663,3,True,2469,4305587,26852.97691,0.0045
2021-12-21,RS,Colorado,city,635,14,True,3130,4305603,20287.53994,0.022
2021-12-21,RS,Condor,city,1118,7,True,6759,4305702,16540.90842,0.0063
2021-12-21,RS,Constantina,city,1554,18,True,9907,4305801,15685.87867,0.0116
2021-12-21,RS,Coqueiro Baixo,city,207,3,True,1495,4305835,13846.15385,0.0145
2021-12-21,RS,Coqueiros do Sul,city,255,4,True,2286,4305850,11154.85564,0.0157
2021-12-21,RS,Coronel Barros,city,502,5,True,2520,4305871,19920.63492,0.01
2021-12-21,RS,Coronel Bicaco,city,881,36,True,7268,4305900,12121.62906,0.0409
2021-12-21,RS,Coronel Pilar,city,162,6,True,1614,4305934,10037.17472,0.037
2021-12-21,RS,Cotiporã,city,845,5,True,3838,4305959,22016.67535,0.0059
2021-12-21,RS,Coxilha,city,399,11,True,2743,4305975,14546.11739,0.0276
2021-12-21,RS,Crissiumal,city,1258,23,True,13357,4306007,9418.28255,0.0183
2021-12-21,RS,Cristal,city,990,21,True,8067,4306056,12272.22016,0.0212
2021-12-21,RS,Cristal do Sul,city,286,2,True,2844,4306072,10056.25879,0.007
2021-12-21,RS,Cruz Alta,city,9368,227,True,59922,4306106,15633.65709,0.0242
2021-12-21,RS,Cruzaltense,city,197,6,True,1799,4306130,10950.52807,0.0305
2021-12-21,RS,Cruzeiro do Sul,city,1312,40,True,12402,4306205,10578.93888,0.0305
2021-12-21,RS,David Canabarro,city,811,15,True,4736,4306304,17124.15541,0.0185
2021-12-21,RS,Derrubadas,city,379,6,True,2761,4306320,13726.91054,0.0158
2021-12-21,RS,Dezesseis de Novembro,city,167,3,True,2378,4306353,7022.70816,0.018
2021-12-21,RS,Dilermando de Aguiar,city,195,5,True,3002,4306379,6495.66955,0.0256
2021-12-21,RS,Dois Irmãos,city,5004,79,True,33119,4306403,15109.15185,0.0158
2021-12-21,RS,Dois Irmãos das Missões,city,239,5,True,2008,4306429,11902.39044,0.0209
2021-12-21,RS,Dois Lajeados,city,494,5,True,3405,4306452,14508.07636,0.0101
2021-12-21,RS,Dom Feliciano,city,1034,26,True,15487,4306502,6676.56744,0.0251
2021-12-21,RS,Dom Pedrito,city,4546,103,True,38339,4306601,11857.37761,0.0227
2021-12-21,RS,Dom Pedro de Alcântara,city,364,8,True,2527,4306551,14404.43213,0.022
2021-12-21,RS,Dona Francisca,city,135,7,True,2999,4306700,4501.5005,0.0519
2021-12-21,RS,Doutor Maurício Cardoso,city,396,16,True,4462,4306734,8874.94397,0.0404
2021-12-21,RS,Doutor Ricardo,city,364,4,True,1975,4306759,18430.37975,0.011
2021-12-21,RS,Eldorado do Sul,city,5441,139,True,41902,4306767,12985.06038,0.0255
2021-12-21,RS,Encantado,city,2726,52,True,22880,4306809,11914.33566,0.0191
2021-12-21,RS,Encruzilhada do Sul,city,2536,79,True,25960,4306908,9768.87519,0.0312
2021-12-21,RS,Engenho Velho,city,184,4,True,982,4306924,18737.27088,0.0217
2021-12-21,RS,Entre-Ijuís,city,1555,29,True,8411,4306932,18487.69469,0.0186
2021-12-21,RS,Entre Rios do Sul,city,252,4,True,2758,4306957,9137.05584,0.0159
2021-12-21,RS,Erebango,city,334,4,True,2982,4306973,11200.53655,0.012
2021-12-21,RS,Erechim,city,15505,210,True,106633,4307005,14540.52685,0.0135
2021-12-21,RS,Ernestina,city,243,9,True,3170,4307054,7665.61514,0.037
2021-12-21,RS,Erval Grande,city,363,7,True,4819,4307203,7532.68313,0.0193
2021-12-21,RS,Erval Seco,city,669,7,True,6802,4307302,9835.34255,0.0105
2021-12-21,RS,Esmeralda,city,294,5,True,3287,4307401,8944.32613,0.017
2021-12-21,RS,Esperança do Sul,city,328,14,True,2885,4307450,11369.15078,0.0427
2021-12-21,RS,Espumoso,city,2466,52,True,15591,4307500,15816.81739,0.0211
2021-12-21,RS,Estação,city,948,21,True,5940,4307559,15959.59596,0.0222
2021-12-21,RS,Estância Velha,city,6438,150,True,50672,4307609,12705.24155,0.0233
2021-12-21,RS,Esteio,city,12063,387,True,83279,4307708,14485.04425,0.0321
2021-12-21,RS,Estrela,city,4134,74,True,34399,4307807,12017.79121,0.0179
2021-12-21,RS,Estrela Velha,city,300,6,True,3650,4307815,8219.17808,0.02
2021-12-21,RS,Eugênio de Castro,city,373,8,True,2352,4307831,15858.84354,0.0214
2021-12-21,RS,Fagundes Varela,city,552,4,True,2741,4307864,20138.63553,0.0072
2021-12-21,RS,Farroupilha,city,11866,183,True,73061,4307906,16241.22309,0.0154
2021-12-21,RS,Faxinal do Soturno,city,615,10,True,6663,4308003,9230.07654,0.0163
2021-12-21,RS,Faxinalzinho,city,343,6,True,2284,4308052,15017.51313,0.0175
2021-12-21,RS,Fazenda Vilanova,city,459,9,True,4608,4308078,9960.9375,0.0196
2021-12-21,RS,Feliz,city,2447,25,True,13640,4308102,17939.8827,0.0102
2021-12-21,RS,Flores da Cunha,city,5696,71,True,31063,4308201,18336.92818,0.0125
2021-12-21,RS,Floriano Peixoto,city,201,1,True,1737,4308250,11571.6753,0.005
2021-12-21,RS,Fontoura Xavier,city,1135,30,True,10241,4308300,11082.90206,0.0264
2021-12-21,RS,Formigueiro,city,577,14,True,6616,4308409,8721.28174,0.0243
2021-12-21,RS,Forquetinha,city,230,8,True,2400,4308433,9583.33333,0.0348
2021-12-21,RS,Fortaleza dos Valos,city,670,10,True,4285,4308458,15635.93932,0.0149
2021-12-21,RS,Frederico Westphalen,city,5671,82,True,31498,4308508,18004.31773,0.0145
2021-12-21,RS,Garibaldi,city,6056,76,True,35440,4308607,17088.03612,0.0125
2021-12-21,RS,Garruchos,city,140,5,True,2886,4308656,4851.00485,0.0357
2021-12-21,RS,Gaurama,city,595,6,True,5489,4308706,10839.86154,0.0101
2021-12-21,RS,General Câmara,city,857,24,True,8361,4308805,10249.9701,0.028
2021-12-21,RS,Gentil,city,187,5,True,1626,4308854,11500.61501,0.0267
2021-12-21,RS,Getúlio Vargas,city,2816,42,True,16184,4308904,17399.90114,0.0149
2021-12-21,RS,Giruá,city,2122,42,True,15863,4309001,13377.04091,0.0198
2021-12-21,RS,Glorinha,city,846,31,True,8204,4309050,10312.04291,0.0366
2021-12-21,RS,Gramado,city,9399,147,True,36555,4309100,25711.94091,0.0156
2021-12-21,RS,Gramado dos Loureiros,city,246,4,True,2058,4309126,11953.35277,0.0163
2021-12-21,RS,Gramado Xavier,city,450,4,True,4352,4309159,10340.07353,0.0089
2021-12-21,RS,Gravataí,city,25359,970,True,283620,4309209,8941.18891,0.0383
2021-12-21,RS,Guabiju,city,210,1,True,1490,4309258,14093.95973,0.0048
2021-12-21,RS,Guaíba,city,8786,349,True,98239,4309308,8943.49495,0.0397
2021-12-21,RS,Guaporé,city,4808,73,True,25968,4309407,18515.0955,0.0152
2021-12-21,RS,Guarani das Missões,city,592,16,True,7463,4309506,7932.46684,0.027
2021-12-21,RS,Harmonia,city,772,13,True,4917,4309555,15700.63047,0.0168
2021-12-21,RS,Herval,city,603,17,True,6814,4307104,8849.42765,0.0282
2021-12-21,RS,Herveiras,city,288,3,True,3019,4309571,9539.58264,0.0104
2021-12-21,RS,Horizontina,city,2917,42,True,19389,4309605,15044.61292,0.0144
2021-12-21,RS,Hulha Negra,city,507,9,True,6836,4309654,7416.61791,0.0178
2021-12-21,RS,Humaitá,city,379,9,True,4736,4309704,8002.53378,0.0237
2021-12-21,RS,Ibarama,city,293,7,True,4399,4309753,6660.60468,0.0239
2021-12-21,RS,Ibiaçá,city,702,14,True,4699,4309803,14939.3488,0.0199
2021-12-21,RS,Ibiraiaras,city,1268,37,True,7265,4309902,17453.54439,0.0292
2021-12-21,RS,Ibirapuitã,city,401,16,True,4000,4309951,10025.0,0.0399
2021-12-21,RS,Ibirubá,city,4914,90,True,20413,4310009,24072.89472,0.0183
2021-12-21,RS,Igrejinha,city,4398,119,True,37340,4310108,11778.25388,0.0271
2021-12-21,RS,Ijuí,city,14145,261,True,83764,4310207,16886.72938,0.0185
2021-12-21,RS,Ilópolis,city,351,5,True,4066,4310306,8632.56272,0.0142
2021-12-21,RS,Imbé,city,3677,139,True,23271,4310330,15800.78209,0.0378
2021-12-21,RS,Imigrante,city,337,8,True,3100,4310363,10870.96774,0.0237
2021-12-21,RS,Importados/Indefinidos,city,0,0,True,,,,0.0
2021-12-21,RS,Independência,city,609,10,True,6109,4310405,9968.89835,0.0164
2021-12-21,RS,Inhacorá,city,132,4,True,2215,4310413,5959.36795,0.0303
2021-12-21,RS,Ipê,city,989,10,True,6689,4310439,14785.46868,0.0101
2021-12-21,RS,Ipiranga do Sul,city,177,2,True,1880,4310462,9414.89362,0.0113
2021-12-21,RS,Iraí,city,720,16,True,7141,4310504,10082.62148,0.0222
2021-12-21,RS,Itaara,city,589,17,True,5537,4310538,10637.52935,0.0289
2021-12-21,RS,Itacurubi,city,78,6,True,3460,4310553,2254.33526,0.0769
2021-12-21,RS,Itapuca,city,217,3,True,2065,4310579,10508.47458,0.0138
2021-12-21,RS,Itaqui,city,4223,68,True,37489,4310603,11264.63763,0.0161
2021-12-21,RS,Itati,city,252,12,True,2397,4310652,10513.14143,0.0476
2021-12-21,RS,Itatiba do Sul,city,254,3,True,3231,4310702,7861.34324,0.0118
2021-12-21,RS,Ivorá,city,105,1,True,1881,4310751,5582.13716,0.0095
2021-12-21,RS,Ivoti,city,3641,72,True,24690,4310801,14746.86108,0.0198
2021-12-21,RS,Jaboticaba,city,322,11,True,3773,4310850,8534.32282,0.0342
2021-12-21,RS,Jacuizinho,city,174,2,True,2706,4310876,6430.15521,0.0115
2021-12-21,RS,Jacutinga,city,374,4,True,3546,4310900,10547.09532,0.0107
2021-12-21,RS,Jaguarão,city,2883,55,True,26500,4311007,10879.24528,0.0191
2021-12-21,RS,Jaguari,city,1028,34,True,10765,4311106,9549.46586,0.0331
2021-12-21,RS,Jaquirana,city,591,10,True,3662,4311122,16138.72201,0.0169
2021-12-21,RS,Jari,city,196,3,True,3486,4311130,5622.48996,0.0153
2021-12-21,RS,Jóia,city,1019,20,True,8566,4311155,11895.86738,0.0196
2021-12-21,RS,Júlio de Castilhos,city,2348,41,True,19224,4311205,12213.89929,0.0175
2021-12-21,RS,Lagoa Bonita do Sul,city,45,1,True,2921,4311239,1540.5683,0.0222
2021-12-21,RS,Lagoa dos Três Cantos,city,280,5,True,1607,4311270,17423.771,0.0179
2021-12-21,RS,Lagoão,city,553,14,True,6461,4311254,8559.04659,0.0253
2021-12-21,RS,Lagoa Vermelha,city,4325,102,True,27778,4311304,15569.87544,0.0236
2021-12-21,RS,Lajeado,city,15363,214,True,85033,4311403,18067.10336,0.0139
2021-12-21,RS,Lajeado do Bugre,city,297,17,True,2566,4311429,11574.43492,0.0572
2021-12-21,RS,Lavras do Sul,city,480,14,True,7444,4311502,6448.14616,0.0292
2021-12-21,RS,Liberato Salzano,city,497,11,True,5152,4311601,9646.73913,0.0221
2021-12-21,RS,Lindolfo Collor,city,971,14,True,6125,4311627,15853.06122,0.0144
2021-12-21,RS,Linha Nova,city,225,3,True,1719,4311643,13089.00524,0.0133
2021-12-21,RS,Maçambará,city,512,6,True,4562,4311718,11223.14774,0.0117
2021-12-21,RS,Machadinho,city,841,13,True,5427,4311700,15496.59112,0.0155
2021-12-21,RS,Mampituba,city,427,4,True,2973,4311734,14362.5967,0.0094
2021-12-21,RS,Manoel Viana,city,547,12,True,7307,4311759,7485.97236,0.0219
2021-12-21,RS,Maquiné,city,908,22,True,6681,4311775,13590.77982,0.0242
2021-12-21,RS,Maratá,city,286,4,True,2702,4311791,10584.75204,0.014
2021-12-21,RS,Marau,city,7735,112,True,44858,4311809,17243.30108,0.0145
2021-12-21,RS,Marcelino Ramos,city,387,8,True,4319,4311908,8960.4075,0.0207
2021-12-21,RS,Mariana Pimentel,city,297,4,True,3888,4311981,7638.88889,0.0135
2021-12-21,RS,Mariano Moro,city,223,4,True,2009,4312005,11100.04978,0.0179
2021-12-21,RS,Marques de Souza,city,366,9,True,3995,4312054,9161.45181,0.0246
2021-12-21,RS,Mata,city,509,12,True,4797,4312104,10610.79842,0.0236
2021-12-21,RS,Mato Castelhano,city,431,15,True,2542,4312138,16955.15342,0.0348
2021-12-21,RS,Mato Leitão,city,838,8,True,4573,4312153,18324.9508,0.0095
2021-12-21,RS,Mato Queimado,city,94,4,True,1629,4312179,5770.4113,0.0426
2021-12-21,RS,Maximiliano de Almeida,city,630,12,True,4314,4312203,14603.61613,0.019
2021-12-21,RS,Minas do Leão,city,727,11,True,8103,4312252,8971.98568,0.0151
2021-12-21,RS,Miraguaí,city,718,15,True,4911,4312302,14620.24028,0.0209
2021-12-21,RS,Montauri,city,292,7,True,1441,4312351,20263.70576,0.024
2021-12-21,RS,Monte Alegre dos Campos,city,172,7,True,3232,4312377,5321.78218,0.0407
2021-12-21,RS,Monte Belo do Sul,city,291,7,True,2530,4312385,11501.97628,0.0241
2021-12-21,RS,Montenegro,city,9930,167,True,65721,4312401,15109.32579,0.0168
2021-12-21,RS,Mormaço,city,393,6,True,3113,4312427,12624.478,0.0153
2021-12-21,RS,Morrinhos do Sul,city,391,5,True,2919,4312443,13394.99829,0.0128
2021-12-21,RS,Morro Redondo,city,575,17,True,6589,4312450,8726.66565,0.0296
2021-12-21,RS,Morro Reuter,city,934,17,True,6513,4312476,14340.54967,0.0182
2021-12-21,RS,Mostardas,city,1095,26,True,12847,4312500,8523.39067,0.0237
2021-12-21,RS,Muçum,city,859,13,True,4961,4312609,17315.05745,0.0151
2021-12-21,RS,Muitos Capões,city,144,6,True,3173,4312617,4538.29184,0.0417
2021-12-21,RS,Muliterno,city,265,2,True,1897,4312625,13969.42541,0.0075
2021-12-21,RS,Não-Me-Toque,city,3109,64,True,17758,4312658,17507.60221,0.0206
2021-12-21,RS,Nicolau Vergueiro,city,108,6,True,1674,4312674,6451.6129,0.0556
2021-12-21,RS,Nonoai,city,2125,49,True,11633,4312708,18266.99905,0.0231
2021-12-21,RS,Nova Alvorada,city,665,8,True,3663,4312757,18154.51815,0.012
2021-12-21,RS,Nova Araçá,city,1215,10,True,4826,4312807,25176.1293,0.0082
2021-12-21,RS,Nova Bassano,city,1852,14,True,10005,4312906,18510.74463,0.0076
2021-12-21,RS,Nova Boa Vista,city,328,2,True,1753,4312955,18710.78152,0.0061
2021-12-21,RS,Nova Bréscia,city,561,13,True,3337,4313003,16811.50734,0.0232
2021-12-21,RS,Nova Candelária,city,463,5,True,2688,4313011,17224.70238,0.0108
2021-12-21,RS,Nova Esperança do Sul,city,1151,10,True,5410,4313037,21275.4159,0.0087
2021-12-21,RS,Nova Hartz,city,2863,75,True,21875,4313060,13088.0,0.0262
2021-12-21,RS,Nova Pádua,city,392,11,True,2558,4313086,15324.47224,0.0281
2021-12-21,RS,Nova Palma,city,639,12,True,6515,4313102,9808.13507,0.0188
2021-12-21,RS,Nova Petrópolis,city,3629,82,True,21536,4313201,16850.85438,0.0226
2021-12-21,RS,Nova Prata,city,3965,56,True,27648,4313300,14341.00116,0.0141
2021-12-21,RS,Nova Ramada,city,390,4,True,2218,4313334,17583.40848,0.0103
2021-12-21,RS,Nova Roma do Sul,city,426,6,True,3717,4313359,11460.85553,0.0141
2021-12-21,RS,Nova Santa Rita,city,3179,101,True,29905,4313375,10630.32938,0.0318
2021-12-21,RS,Novo Barreiro,city,861,24,True,4175,4313490,20622.75449,0.0279
2021-12-21,RS,Novo Cabrais,city,537,6,True,4222,4313391,12719.09048,0.0112
2021-12-21,RS,Novo Hamburgo,city,31010,1000,True,247032,4313409,12553.02957,0.0322
2021-12-21,RS,Novo Machado,city,198,5,True,3256,4313425,6081.08108,0.0253
2021-12-21,RS,Novo Tiradentes,city,130,0,True,2200,4313441,5909.09091,0.0
2021-12-21,RS,Novo Xingu,city,197,5,True,1712,4313466,11507.00935,0.0254
2021-12-21,RS,Osório,city,10381,184,True,46414,4313508,22366.09644,0.0177
2021-12-21,RS,Paim Filho,city,575,1,True,3778,4313607,15219.69296,0.0017
2021-12-21,RS,Palmares do Sul,city,1373,37,True,11330,4313656,12118.27008,0.0269
2021-12-21,RS,Palmeira das Missões,city,4500,103,True,33131,4313706,13582.44544,0.0229
2021-12-21,RS,Palmitinho,city,1025,14,True,7056,4313805,14526.64399,0.0137
2021-12-21,RS,Panambi,city,7394,125,True,44128,4313904,16755.80131,0.0169
2021-12-21,RS,Pantano Grande,city,1214,28,True,9083,4313953,13365.6281,0.0231
2021-12-21,RS,Paraí,city,1561,24,True,7727,4314001,20201.88948,0.0154
2021-12-21,RS,Paraíso do Sul,city,613,16,True,7623,4314027,8041.4535,0.0261
2021-12-21,RS,Pareci Novo,city,643,6,True,3862,4314035,16649.40445,0.0093
2021-12-21,RS,Parobé,city,8220,226,True,58858,4314050,13965.81603,0.0275
2021-12-21,RS,Passa Sete,city,291,6,True,5747,4314068,5063.5114,0.0206
2021-12-21,RS,Passo do Sobrado,city,692,15,True,6574,4314076,10526.31579,0.0217
2021-12-21,RS,Passo Fundo,city,38148,716,True,204722,4314100,18634.05008,0.0188
2021-12-21,RS,Paulo Bento,city,275,2,True,2299,4314134,11961.72249,0.0073
2021-12-21,RS,Paverama,city,677,20,True,8515,4314159,7950.67528,0.0295
2021-12-21,RS,Pedras Altas,city,175,3,True,1954,4314175,8955.98772,0.0171
2021-12-21,RS,Pedro Osório,city,888,27,True,7706,4314209,11523.48819,0.0304
2021-12-21,RS,Pejuçara,city,537,8,True,3857,4314308,13922.73788,0.0149
2021-12-21,RS,Pelotas,city,51342,1231,True,343132,4314407,14962.75486,0.024
2021-12-21,RS,Picada Café,city,517,10,True,5738,4314423,9010.10805,0.0193
2021-12-21,RS,Pinhal,city,398,5,True,2580,4314456,15426.35659,0.0126
2021-12-21,RS,Pinhal da Serra,city,275,6,True,1918,4314464,14337.85193,0.0218
2021-12-21,RS,Pinhal Grande,city,240,5,True,4329,4314472,5544.00554,0.0208
2021-12-21,RS,Pinheirinho do Vale,city,416,7,True,4899,4314498,8491.52888,0.0168
2021-12-21,RS,Pinheiro Machado,city,1390,31,True,12195,4314506,11398.11398,0.0223
2021-12-21,RS,Pinto Bandeira,city,366,5,True,3036,4314548,12055.33597,0.0137
2021-12-21,RS,Pirapó,city,178,17,True,2254,4314555,7897.07187,0.0955
2021-12-21,RS,Piratini,city,1261,36,True,20704,4314605,6090.61051,0.0285
2021-12-21,RS,Planalto,city,1035,21,True,10019,4314704,10330.37229,0.0203
2021-12-21,RS,Poço das Antas,city,294,1,True,2101,4314753,13993.33651,0.0034
2021-12-21,RS,Pontão,city,347,10,True,3901,4314779,8895.15509,0.0288
2021-12-21,RS,Ponte Preta,city,199,2,True,1524,4314787,13057.74278,0.0101
2021-12-21,RS,Portão,city,4437,132,True,37561,4314803,11812.78454,0.0297
2021-12-21,RS,Porto Alegre,city,172285,5818,True,1488252,4314902,11576.3325,0.0338
2021-12-21,RS,Porto Lucena,city,427,7,True,4594,4315008,9294.73226,0.0164
2021-12-21,RS,Porto Mauá,city,200,7,True,2352,4315057,8503.40136,0.035
2021-12-21,RS,Porto Vera Cruz,city,137,5,True,1308,4315073,10474.00612,0.0365
2021-12-21,RS,Porto Xavier,city,1770,55,True,10194,4315107,17363.1548,0.0311
2021-12-21,RS,Pouso Novo,city,187,4,True,1612,4315131,11600.49628,0.0214
2021-12-21,RS,Presidente Lucena,city,526,4,True,2937,4315149,17909.43139,0.0076
2021-12-21,RS,Progresso,city,690,13,True,6239,4315156,11059.46466,0.0188
2021-12-21,RS,Protásio Alves,city,126,6,True,1938,4315172,6501.54799,0.0476
2021-12-21,RS,Putinga,city,640,19,True,3889,4315206,16456.67267,0.0297
2021-12-21,RS,Quaraí,city,2381,60,True,22607,4315305,10532.13606,0.0252
2021-12-21,RS,Quatro Irmãos,city,118,3,True,1856,4315313,6357.75862,0.0254
2021-12-21,RS,Quevedos,city,260,1,True,2790,4315321,9318.99642,0.0038
2021-12-21,RS,Quinze de Novembro,city,652,12,True,3803,4315354,17144.35972,0.0184
2021-12-21,RS,Redentora,city,1085,31,True,11669,4315404,9298.14037,0.0286
2021-12-21,RS,Relvado,city,222,4,True,2079,4315453,10678.21068,0.018
2021-12-21,RS,Restinga Sêca,city,1817,39,True,15744,4315503,11540.90447,0.0215
2021-12-21,RS,Rio dos Índios,city,328,10,True,2660,4315552,12330.82707,0.0305
2021-12-21,RS,Rio Grande,city,25060,592,True,211965,4315602,11822.70658,0.0236
2021-12-21,RS,Rio Pardo,city,3539,106,True,38265,4315701,9248.66066,0.03
2021-12-21,RS,Riozinho,city,527,13,True,4676,4315750,11270.31651,0.0247
2021-12-21,RS,Roca Sales,city,1240,27,True,11471,4315800,10809.86836,0.0218
2021-12-21,RS,Rodeio Bonito,city,826,8,True,5868,4315909,14076.34628,0.0097
2021-12-21,RS,Rolador,city,274,4,True,2296,4315958,11933.79791,0.0146
2021-12-21,RS,Rolante,city,3727,60,True,21453,4316006,17372.8616,0.0161
2021-12-21,RS,Ronda Alta,city,1618,27,True,10617,4316105,15239.7099,0.0167
2021-12-21,RS,Rondinha,city,892,16,True,5080,4316204,17559.05512,0.0179
2021-12-21,RS,Roque Gonzales,city,737,9,True,6797,4316303,10843.01898,0.0122
2021-12-21,RS,Rosário do Sul,city,4082,114,True,39314,4316402,10383.06964,0.0279
2021-12-21,RS,Sagrada Família,city,506,10,True,2605,4316428,19424.18426,0.0198
2021-12-21,RS,Saldanha Marinho,city,472,13,True,2622,4316436,18001.52555,0.0275
2021-12-21,RS,Salto do Jacuí,city,1270,26,True,12481,4316451,10175.46671,0.0205
2021-12-21,RS,Salvador das Missões,city,429,9,True,2733,4316477,15697.03622,0.021
2021-12-21,RS,Salvador do Sul,city,878,4,True,7889,4316501,11129.42071,0.0046
2021-12-21,RS,Sananduva,city,3080,37,True,16328,4316600,18863.3023,0.012
2021-12-21,RS,Santa Bárbara do Sul,city,1406,45,True,7909,4316709,17777.21583,0.032
2021-12-21,RS,Santa Cecília do Sul,city,566,3,True,1634,4316733,34638.92289,0.0053
2021-12-21,RS,Santa Clara do Sul,city,520,8,True,6681,4316758,7783.26598,0.0154
2021-12-21,RS,Santa Cruz do Sul,city,21006,345,True,131365,4316808,15990.56065,0.0164
2021-12-21,RS,Santa Margarida do Sul,city,230,5,True,2578,4316972,8921.64469,0.0217
2021-12-21,RS,Santa Maria,city,42861,834,True,283677,4316907,15109.08533,0.0195
2021-12-21,RS,Santa Maria do Herval,city,691,16,True,6364,4316956,10857.95097,0.0232
2021-12-21,RS,Santana da Boa Vista,city,361,11,True,8067,4317004,4475.02169,0.0305
2021-12-21,RS,Sant'Ana do Livramento,city,10056,186,True,76321,4317103,13175.92799,0.0185
2021-12-21,RS,Santa Rosa,city,14240,205,True,73575,4317202,19354.40027,0.0144
2021-12-21,RS,Santa Tereza,city,276,4,True,1726,4317251,15990.73001,0.0145
2021-12-21,RS,Santa Vitória do Palmar,city,3683,52,True,29483,4317301,12491.94451,0.0141
2021-12-21,RS,Santiago,city,7607,167,True,49360,4317400,15411.26418,0.022
2021-12-21,RS,Santo Ângelo,city,11198,300,True,77568,4317509,14436.36551,0.0268
2021-12-21,RS,Santo Antônio da Patrulha,city,5904,160,True,43171,4317608,13675.84721,0.0271
2021-12-21,RS,Santo Antônio das Missões,city,569,39,True,10050,4317707,5661.69154,0.0685
2021-12-21,RS,Santo Antônio do Palma,city,190,3,True,2123,4317558,8949.59962,0.0158
2021-12-21,RS,Santo Antônio do Planalto,city,161,2,True,2019,4317756,7974.24468,0.0124
2021-12-21,RS,Santo Augusto,city,2066,39,True,13848,4317806,14919.12189,0.0189
2021-12-21,RS,Santo Cristo,city,1831,30,True,14216,4317905,12879.85369,0.0164
2021-12-21,RS,Santo Expedito do Sul,city,269,8,True,2305,4317954,11670.282,0.0297
2021-12-21,RS,São Borja,city,10081,262,True,60019,4318002,16796.34782,0.026
2021-12-21,RS,São Domingos do Sul,city,476,6,True,3083,4318051,15439.50697,0.0126
2021-12-21,RS,São Francisco de Assis,city,1837,34,True,18205,4318101,10090.63444,0.0185
2021-12-21,RS,São Francisco de Paula,city,1684,46,True,21801,4318200,7724.41631,0.0273
2021-12-21,RS,São Gabriel,city,8699,285,True,62147,4318309,13997.45764,0.0328
2021-12-21,RS,São Jerônimo,city,1898,76,True,24412,4318408,7774.86482,0.04
2021-12-21,RS,São João da Urtiga,city,855,6,True,4641,4318424,18422.75372,0.007
2021-12-21,RS,São João do Polêsine,city,411,6,True,2543,4318432,16162.01337,0.0146
2021-12-21,RS,São Jorge,city,408,11,True,2816,4318440,14488.63636,0.027
2021-12-21,RS,São José das Missões,city,335,3,True,2514,4318457,13325.37788,0.009
2021-12-21,RS,São José do Herval,city,220,3,True,1943,4318465,11322.69686,0.0136
2021-12-21,RS,São José do Hortêncio,city,676,11,True,4865,4318481,13895.16958,0.0163
2021-12-21,RS,São José do Inhacorá,city,456,2,True,2056,4318499,22178.98833,0.0044
2021-12-21,RS,São José do Norte,city,1909,49,True,27721,4318507,6886.47596,0.0257
2021-12-21,RS,São José do Ouro,city,1074,17,True,6922,4318606,15515.74689,0.0158
2021-12-21,RS,São José dos Ausentes,city,687,13,True,3543,4318622,19390.34716,0.0189
2021-12-21,RS,São José do Sul,city,326,6,True,2437,4318614,13377.103,0.0184
2021-12-21,RS,São Leopoldo,city,30011,799,True,238648,4318705,12575.42489,0.0266
2021-12-21,RS,São Lourenço do Sul,city,3769,84,True,43540,4318804,8656.4079,0.0223
2021-12-21,RS,São Luiz Gonzaga,city,4698,107,True,33293,4318903,14111.0744,0.0228
2021-12-21,RS,São Marcos,city,3945,66,True,21658,4319000,18214.9783,0.0167
2021-12-21,RS,São Martinho,city,805,12,True,5380,4319109,14962.82528,0.0149
2021-12-21,RS,São Martinho da Serra,city,106,5,True,3231,4319125,3280.71804,0.0472
2021-12-21,RS,São Miguel das Missões,city,847,16,True,7683,4319158,11024.33945,0.0189
2021-12-21,RS,São Nicolau,city,85,9,True,5208,4319208,1632.10445,0.1059
2021-12-21,RS,São Paulo das Missões,city,616,9,True,5720,4319307,10769.23077,0.0146
2021-12-21,RS,São Pedro da Serra,city,377,2,True,3842,4319356,9812.59761,0.0053
2021-12-21,RS,São Pedro das Missões,city,329,10,True,2017,4319364,16311.3535,0.0304
2021-12-21,RS,São Pedro do Butiá,city,405,6,True,2949,4319372,13733.46897,0.0148
2021-12-21,RS,São Pedro do Sul,city,1753,36,True,16148,4319406,10855.83354,0.0205
2021-12-21,RS,São Sebastião do Caí,city,3658,61,True,25959,4319505,14091.4519,0.0167
2021-12-21,RS,São Sepé,city,2093,62,True,23555,4319604,8885.58692,0.0296
2021-12-21,RS,São Valentim,city,321,4,True,3259,4319703,9849.64713,0.0125
2021-12-21,RS,São Valentim do Sul,city,337,4,True,2245,4319711,15011.13586,0.0119
2021-12-21,RS,São Valério do Sul,city,187,4,True,2729,4319737,6852.32686,0.0214
2021-12-21,RS,São Vendelino,city,422,6,True,2266,4319752,18623.12445,0.0142
2021-12-21,RS,São Vicente do Sul,city,600,19,True,8732,4319802,6871.27806,0.0317
2021-12-21,RS,Sapiranga,city,14091,344,True,80037,4319901,17605.60741,0.0244
2021-12-21,RS,Sapucaia do Sul,city,17373,550,True,141808,4320008,12251.07187,0.0317
2021-12-21,RS,Sarandi,city,3830,68,True,24763,4320107,15466.62359,0.0178
2021-12-21,RS,Seberi,city,2385,41,True,10713,4320206,22262.67152,0.0172
2021-12-21,RS,Sede Nova,city,288,7,True,2891,4320230,9961.95088,0.0243
2021-12-21,RS,Segredo,city,682,7,True,7444,4320263,9161.741,0.0103
2021-12-21,RS,Selbach,city,781,26,True,5107,4320305,15292.73546,0.0333
2021-12-21,RS,Senador Salgado Filho,city,371,3,True,2770,4320321,13393.50181,0.0081
2021-12-21,RS,Sentinela do Sul,city,589,19,True,5609,4320354,10500.98057,0.0323
2021-12-21,RS,Serafina Corrêa,city,2920,38,True,17795,4320404,16409.10368,0.013
2021-12-21,RS,Sério,city,213,7,True,1924,4320453,11070.68607,0.0329
2021-12-21,RS,Sertão,city,781,16,True,5315,4320503,14694.26152,0.0205
2021-12-21,RS,Sertão Santana,city,736,11,True,6537,4320552,11258.9873,0.0149
2021-12-21,RS,Sete de Setembro,city,125,5,True,1950,4320578,6410.25641,0.04
2021-12-21,RS,Severiano de Almeida,city,423,4,True,3631,4320602,11649.68328,0.0095
2021-12-21,RS,Silveira Martins,city,212,10,True,2374,4320651,8930.07582,0.0472
2021-12-21,RS,Sinimbu,city,943,22,True,10162,4320677,9279.66936,0.0233
2021-12-21,RS,Sobradinho,city,1697,33,True,15005,4320701,11309.56348,0.0194
2021-12-21,RS,Soledade,city,4566,91,True,31035,4320800,14712.42146,0.0199
2021-12-21,RS,Tabaí,city,562,7,True,4769,4320859,11784.44118,0.0125
2021-12-21,RS,Tapejara,city,4902,55,True,24552,4320909,19965.7869,0.0112
2021-12-21,RS,Tapera,city,1760,46,True,10577,4321006,16639.87898,0.0261
2021-12-21,RS,Tapes,city,1390,63,True,17332,4321105,8019.84768,0.0453
2021-12-21,RS,Taquara,city,5861,183,True,57584,4321204,10178.17449,0.0312
2021-12-21,RS,Taquari,city,3464,76,True,26885,4321303,12884.50809,0.0219
2021-12-21,RS,Taquaruçu do Sul,city,575,8,True,3077,4321329,18687.03282,0.0139
2021-12-21,RS,Tavares,city,538,12,True,5483,4321352,9812.14664,0.0223
2021-12-21,RS,Tenente Portela,city,1865,36,True,13434,4321402,13882.68572,0.0193
2021-12-21,RS,Terra de Areia,city,809,51,True,11315,4321436,7149.80115,0.063
2021-12-21,RS,Teutônia,city,5250,94,True,33766,4321451,15548.18456,0.0179
2021-12-21,RS,Tio Hugo,city,447,9,True,3055,4321469,14631.75123,0.0201
2021-12-21,RS,Tiradentes do Sul,city,320,8,True,5616,4321477,5698.0057,0.025
2021-12-21,RS,Toropi,city,340,12,True,2772,4321493,12265.51227,0.0353
2021-12-21,RS,Torres,city,6220,114,True,39064,4321501,15922.58857,0.0183
2021-12-21,RS,Tramandaí,city,7558,229,True,52632,4321600,14360.08512,0.0303
2021-12-21,RS,Travesseiro,city,259,8,True,2334,4321626,11096.82948,0.0309
2021-12-21,RS,Três Arroios,city,234,2,True,2643,4321634,8853.57548,0.0085
2021-12-21,RS,Três Cachoeiras,city,1230,27,True,11115,4321667,11066.12686,0.022
2021-12-21,RS,Três Coroas,city,3246,76,True,28581,4321709,11357.19534,0.0234
2021-12-21,RS,Três de Maio,city,3471,45,True,23876,4321808,14537.61099,0.013
2021-12-21,RS,Três Forquilhas,city,432,7,True,2669,4321832,16185.83739,0.0162
2021-12-21,RS,Três Palmeiras,city,621,18,True,4251,4321857,14608.32745,0.029
2021-12-21,RS,Três Passos,city,2990,69,True,23852,4321907,12535.63642,0.0231
2021-12-21,RS,Trindade do Sul,city,880,18,True,5791,4321956,15195.99378,0.0205
2021-12-21,RS,Triunfo,city,2952,93,True,29856,4322004,9887.45981,0.0315
2021-12-21,RS,Tucunduva,city,884,19,True,5644,4322103,15662.6506,0.0215
2021-12-21,RS,Tunas,city,292,14,True,4577,4322152,6379.72471,0.0479
2021-12-21,RS,Tupanci do Sul,city,120,3,True,1459,4322186,8224.81151,0.025
2021-12-21,RS,Tupanciretã,city,2838,52,True,24068,4322202,11791.59049,0.0183
2021-12-21,RS,Tupandi,city,829,14,True,4939,4322251,16784.77425,0.0169
2021-12-21,RS,Tuparendi,city,1187,17,True,7810,4322301,15198.46351,0.0143
2021-12-21,RS,Turuçu,city,339,8,True,3423,4322327,9903.59334,0.0236
2021-12-21,RS,Ubiretama,city,145,3,True,1983,4322343,7312.1533,0.0207
2021-12-21,RS,União da Serra,city,80,1,True,1118,4322350,7155.63506,0.0125
2021-12-21,RS,Unistalda,city,190,4,True,2321,4322376,8186.12667,0.0211
2021-12-21,RS,Uruguaiana,city,14843,458,True,126866,4322400,11699.74619,0.0309
2021-12-21,RS,Vacaria,city,10058,223,True,66575,4322509,15107.77319,0.0222
2021-12-21,RS,Vale do Sol,city,924,20,True,11828,4322533,7811.97159,0.0216
2021-12-21,RS,Vale Real,city,853,13,True,5981,4322541,14261.82913,0.0152
2021-12-21,RS,Vale Verde,city,254,6,True,3515,4322525,7226.17354,0.0236
2021-12-21,RS,Vanini,city,343,3,True,2122,4322558,16163.99623,0.0087
2021-12-21,RS,Venâncio Aires,city,10391,137,True,71973,4322608,14437.35845,0.0132
2021-12-21,RS,Vera Cruz,city,3509,51,True,27099,4322707,12948.8173,0.0145
2021-12-21,RS,Veranópolis,city,4985,67,True,26533,4322806,18787.92447,0.0134
2021-12-21,RS,Vespasiano Corrêa,city,306,8,True,1795,4322855,17047.35376,0.0261
2021-12-21,RS,Viadutos,city,502,11,True,4690,4322905,10703.62473,0.0219
2021-12-21,RS,Viamão,city,14597,776,True,256302,4323002,5695.23453,0.0532
2021-12-21,RS,Vicente Dutra,city,317,7,True,4599,4323101,6892.80278,0.0221
2021-12-21,RS,Victor Graeff,city,443,7,True,2860,4323200,15489.51049,0.0158
2021-12-21,RS,Vila Flores,city,836,13,True,3396,4323309,24617.1967,0.0156
2021-12-21,RS,Vila Lângaro,city,308,2,True,2080,4323358,14807.69231,0.0065
2021-12-21,RS,Vila Maria,city,734,10,True,4363,4323408,16823.28673,0.0136
2021-12-21,RS,Vila Nova do Sul,city,401,9,True,4277,4323457,9375.73065,0.0224
2021-12-21,RS,Vista Alegre,city,381,8,True,2739,4323507,13910.1862,0.021
2021-12-21,RS,Vista Alegre do Prata,city,142,6,True,1557,4323606,9120.10276,0.0423
2021-12-21,RS,Vista Gaúcha,city,279,13,True,2855,4323705,9772.32925,0.0466
2021-12-21,RS,Vitória das Missões,city,383,12,True,3092,4323754,12386.80466,0.0313
2021-12-21,RS,Westfália,city,361,7,True,3031,4323770,11910.26064,0.0194
2021-12-21,RS,Xangri-lá,city,2497,53,True,16775,4323804,14885.2459,0.0212
2021-12-21,RS,,state,1500037,36377,False,11422973,43,13131.75651,0.0243
2021-12-21,SC,Abdon Batista,city,408,4,True,2548,4200051,16012.55887,0.0098
2021-12-21,SC,Abelardo Luz,city,1969,61,True,17960,4200101,10963.25167,0.031
2021-12-21,SC,Agrolândia,city,1738,30,True,11013,4200200,15781.34931,0.0173
2021-12-21,SC,Agronômica,city,687,14,True,5509,4200309,12470.50281,0.0204
2021-12-21,SC,Água Doce,city,1285,18,True,7152,4200408,17967.00224,0.014
2021-12-21,SC,Águas de Chapecó,city,646,11,True,6515,4200507,9915.57943,0.017
2021-12-21,SC,Águas Frias,city,591,4,True,2354,4200556,25106.20221,0.0068
2021-12-21,SC,Águas Mornas,city,765,10,True,6559,4200606,11663.36332,0.0131
2021-12-21,SC,Alfredo Wagner,city,1104,8,True,10086,4200705,10945.86556,0.0072
2021-12-21,SC,Alto Bela Vista,city,199,3,True,1926,4200754,10332.29491,0.0151
2021-12-21,SC,Anchieta,city,716,11,True,5557,4200804,12884.64999,0.0154
2021-12-21,SC,Angelina,city,580,4,True,4743,4200903,12228.54733,0.0069
2021-12-21,SC,Anita Garibaldi,city,1230,10,True,6957,4201000,17680.0345,0.0081
2021-12-21,SC,Anitápolis,city,393,5,True,3228,4201109,12174.72119,0.0127
2021-12-21,SC,Antônio Carlos,city,1707,27,True,8613,4201208,19818.87844,0.0158
2021-12-21,SC,Apiúna,city,928,18,True,10848,4201257,8554.57227,0.0194
2021-12-21,SC,Arabutã,city,424,10,True,4267,4201273,9936.72369,0.0236
2021-12-21,SC,Araquari,city,4558,89,True,39524,4201307,11532.23358,0.0195
2021-12-21,SC,Araranguá,city,11475,260,True,68867,4201406,16662.55246,0.0227
2021-12-21,SC,Armazém,city,1471,35,True,8759,4201505,16794.15458,0.0238
2021-12-21,SC,Arroio Trinta,city,636,14,True,3549,4201604,17920.541,0.022
2021-12-21,SC,Arvoredo,city,359,5,True,2234,4201653,16069.8299,0.0139
2021-12-21,SC,Ascurra,city,1391,13,True,7978,4201703,17435.44748,0.0093
2021-12-21,SC,Atalanta,city,513,11,True,3195,4201802,16056.33803,0.0214
2021-12-21,SC,Aurora,city,935,19,True,5683,4201901,16452.57786,0.0203
2021-12-21,SC,Balneário Arroio do Silva,city,2238,60,True,13430,4201950,16664.18466,0.0268
2021-12-21,SC,Balneário Barra do Sul,city,1622,47,True,11035,4202057,14698.686,0.029
2021-12-21,SC,Balneário Camboriú,city,28696,440,True,145796,4202008,19682.29581,0.0153
2021-12-21,SC,Balneário Gaivota,city,1451,39,True,11260,4202073,12886.32327,0.0269
2021-12-21,SC,Balneário Piçarras,city,5636,67,True,23772,4212809,23708.5647,0.0119
2021-12-21,SC,Balneário Rincão,city,1570,53,True,12946,4220000,12127.29801,0.0338
2021-12-21,SC,Bandeirante,city,449,6,True,2648,4202081,16956.19335,0.0134
2021-12-21,SC,Barra Bonita,city,250,2,True,1651,4202099,15142.33798,0.008
2021-12-21,SC,Barra Velha,city,5120,136,True,29860,4202107,17146.68453,0.0266
2021-12-21,SC,Bela Vista do Toldo,city,92,5,True,6362,4202131,1446.08614,0.0543
2021-12-21,SC,Belmonte,city,359,5,True,2709,4202156,13252.12255,0.0139
2021-12-21,SC,Benedito Novo,city,1101,20,True,11775,4202206,9350.31847,0.0182
2021-12-21,SC,Biguaçu,city,12072,173,True,69486,4202305,17373.28383,0.0143
2021-12-21,SC,Blumenau,city,65699,693,True,361855,4202404,18156.16753,0.0105
2021-12-21,SC,Bocaina do Sul,city,409,4,True,3488,4202438,11725.91743,0.0098
2021-12-21,SC,Bombinhas,city,3816,70,True,20335,4202453,18765.67494,0.0183
2021-12-21,SC,Bom Jardim da Serra,city,730,8,True,4772,4202503,15297.56915,0.011
2021-12-21,SC,Bom Jesus,city,539,10,True,3057,4202537,17631.66503,0.0186
2021-12-21,SC,Bom Jesus do Oeste,city,185,6,True,2139,4202578,8648.90136,0.0324
2021-12-21,SC,Bom Retiro,city,916,21,True,10060,4202602,9105.36779,0.0229
2021-12-21,SC,Botuverá,city,1027,10,True,5322,4202701,19297.25667,0.0097
2021-12-21,SC,Braço do Norte,city,9145,114,True,33876,4202800,26995.51305,0.0125
2021-12-21,SC,Braço do Trombudo,city,768,7,True,3769,4202859,20376.75776,0.0091
2021-12-21,SC,Brunópolis,city,336,9,True,2368,4202875,14189.18919,0.0268
2021-12-21,SC,Brusque,city,31341,327,True,137689,4202909,22762.16691,0.0104
2021-12-21,SC,Caçador,city,7231,293,True,79313,4203006,9117.0426,0.0405
2021-12-21,SC,Caibi,city,724,16,True,6130,4203105,11810.76672,0.0221
2021-12-21,SC,Calmon,city,50,7,True,3335,4203154,1499.25037,0.14
2021-12-21,SC,Camboriú,city,15077,188,True,85105,4203204,17715.76288,0.0125
2021-12-21,SC,Campo Alegre,city,1436,44,True,11981,4203303,11985.64394,0.0306
2021-12-21,SC,Campo Belo do Sul,city,796,23,True,6952,4203402,11449.94246,0.0289
2021-12-21,SC,Campo Erê,city,1512,23,True,8418,4203501,17961.51105,0.0152
2021-12-21,SC,Campos Novos,city,6089,122,True,36556,4203600,16656.63639,0.02
2021-12-21,SC,Canelinha,city,1563,21,True,12398,4203709,12606.87208,0.0134
2021-12-21,SC,Canoinhas,city,7421,122,True,54480,4203808,13621.51248,0.0164
2021-12-21,SC,Capão Alto,city,192,2,True,2496,4203253,7692.30769,0.0104
2021-12-21,SC,Capinzal,city,5308,55,True,23035,4203907,23043.19514,0.0104
2021-12-21,SC,Capivari de Baixo,city,4747,85,True,25177,4203956,18854.51007,0.0179
2021-12-21,SC,Catanduvas,city,2079,33,True,10984,4204004,18927.53095,0.0159
2021-12-21,SC,Caxambu do Sul,city,644,13,True,3551,4204103,18135.73641,0.0202
2021-12-21,SC,Celso Ramos,city,458,6,True,2719,4204152,16844.4281,0.0131
2021-12-21,SC,Cerro Negro,city,209,4,True,3068,4204178,6812.25554,0.0191
2021-12-21,SC,Chapadão do Lageado,city,420,6,True,3006,4204194,13972.05589,0.0143
2021-12-21,SC,Chapecó,city,43303,796,True,224013,4204202,19330.57456,0.0184
2021-12-21,SC,Cocal do Sul,city,3791,63,True,16821,4204251,22537.30456,0.0166
2021-12-21,SC,Concórdia,city,18609,229,True,75167,4204301,24756.87469,0.0123
2021-12-21,SC,Cordilheira Alta,city,626,8,True,4520,4204350,13849.55752,0.0128
2021-12-21,SC,Coronel Freitas,city,1817,31,True,9940,4204400,18279.67807,0.0171
2021-12-21,SC,Coronel Martins,city,238,3,True,2555,4204459,9315.06849,0.0126
2021-12-21,SC,Correia Pinto,city,2149,60,True,12553,4204558,17119.41369,0.0279
2021-12-21,SC,Corupá,city,2049,42,True,16107,4204509,12721.17713,0.0205
2021-12-21,SC,Criciúma,city,39582,663,True,217311,4204608,18214.44842,0.0168
2021-12-21,SC,Cunha Porã,city,1305,26,True,11118,4204707,11737.72261,0.0199
2021-12-21,SC,Cunhataí,city,199,2,True,1967,4204756,10116.92933,0.0101
2021-12-21,SC,Curitibanos,city,5764,199,True,39893,4204806,14448.65014,0.0345
2021-12-21,SC,Descanso,city,1135,19,True,8192,4204905,13854.98047,0.0167
2021-12-21,SC,Dionísio Cerqueira,city,2118,51,True,15545,4205001,13624.95979,0.0241
2021-12-21,SC,Dona Emma,city,521,5,True,4186,4205100,12446.2494,0.0096
2021-12-21,SC,Doutor Pedrinho,city,489,6,True,4115,4205159,11883.35358,0.0123
2021-12-21,SC,Entre Rios,city,724,10,True,3218,4205175,22498.44624,0.0138
2021-12-21,SC,Ermo,city,392,6,True,2061,4205191,19019.89326,0.0153
2021-12-21,SC,Erval Velho,city,898,13,True,4418,4205209,20325.93934,0.0145
2021-12-21,SC,Faxinal dos Guedes,city,2131,41,True,10649,4205308,20011.26866,0.0192
2021-12-21,SC,Flor do Sertão,city,200,0,True,1579,4205357,12666.24446,0.0
2021-12-21,SC,Florianópolis,city,85114,1124,True,508826,4205407,16727.52572,0.0132
2021-12-21,SC,Formosa do Sul,city,438,8,True,2495,4205431,17555.11022,0.0183
2021-12-21,SC,Forquilhinha,city,6718,63,True,27211,4205456,24688.54507,0.0094
2021-12-21,SC,Fraiburgo,city,5061,121,True,36584,4205506,13833.91647,0.0239
2021-12-21,SC,Frei Rogério,city,372,11,True,1970,4205555,18883.24873,0.0296
2021-12-21,SC,Galvão,city,490,12,True,2791,4205605,17556.43139,0.0245
2021-12-21,SC,Garopaba,city,3602,47,True,23579,4205704,15276.30519,0.013
2021-12-21,SC,Garuva,city,2393,33,True,18484,4205803,12946.33196,0.0138
2021-12-21,SC,Gaspar,city,9598,195,True,70793,4205902,13557.83764,0.0203
2021-12-21,SC,Governador Celso Ramos,city,2929,32,True,14606,4206009,20053.40271,0.0109
2021-12-21,SC,Grão Pará,city,1512,14,True,6595,4206108,22926.45944,0.0093
2021-12-21,SC,Gravatal,city,2276,50,True,11577,4206207,19659.67004,0.022
2021-12-21,SC,Guabiruba,city,4089,49,True,24382,4206306,16770.56845,0.012
2021-12-21,SC,Guaraciaba,city,2098,31,True,10026,4206405,20925.59346,0.0148
2021-12-21,SC,Guaramirim,city,8135,103,True,45797,4206504,17763.17226,0.0127
2021-12-21,SC,Guarujá do Sul,city,589,11,True,5178,4206603,11375.04828,0.0187
2021-12-21,SC,Guatambú,city,882,20,True,4698,4206652,18773.94636,0.0227
2021-12-21,SC,Herval d'Oeste,city,4710,66,True,22714,4206702,20736.10989,0.014
2021-12-21,SC,Ibiam,city,268,4,True,1954,4206751,13715.45548,0.0149
2021-12-21,SC,Ibicaré,city,547,9,True,3178,4206801,17212.08307,0.0165
2021-12-21,SC,Ibirama,city,1944,38,True,19096,4206900,10180.14244,0.0195
2021-12-21,SC,Içara,city,8123,138,True,57247,4207007,14189.38984,0.017
2021-12-21,SC,Ilhota,city,2151,39,True,14359,4207106,14980.15182,0.0181
2021-12-21,SC,Imaruí,city,1060,23,True,9948,4207205,10655.40812,0.0217
2021-12-21,SC,Imbituba,city,7154,115,True,45286,4207304,15797.37667,0.0161
2021-12-21,SC,Imbuia,city,699,11,True,6241,4207403,11200.12818,0.0157
2021-12-21,SC,Importados/Indefinidos,city,0,0,True,,,,0.0
2021-12-21,SC,Indaial,city,11185,140,True,70900,4207502,15775.74048,0.0125
2021-12-21,SC,Iomerê,city,341,10,True,2962,4207577,11512.49156,0.0293
2021-12-21,SC,Ipira,city,487,7,True,4406,4207601,11053.1094,0.0144
2021-12-21,SC,Iporã do Oeste,city,863,16,True,9045,4207650,9541.18297,0.0185
2021-12-21,SC,Ipuaçu,city,1168,17,True,7579,4207684,15411.00409,0.0146
2021-12-21,SC,Ipumirim,city,886,10,True,7620,4207700,11627.29659,0.0113
2021-12-21,SC,Iraceminha,city,550,4,True,3938,4207759,13966.48045,0.0073
2021-12-21,SC,Irani,city,1729,20,True,10498,4207809,16469.80377,0.0116
2021-12-21,SC,Irati,city,318,8,True,1909,4207858,16657.93609,0.0252
2021-12-21,SC,Irineópolis,city,845,14,True,11289,4207908,7485.16255,0.0166
2021-12-21,SC,Itá,city,1215,26,True,6129,4208005,19823.78855,0.0214
2021-12-21,SC,Itaiópolis,city,2866,54,True,21780,4208104,13158.86134,0.0188
2021-12-21,SC,Itajaí,city,42471,796,True,223112,4208203,19035.73093,0.0187
2021-12-21,SC,Itapema,city,13338,265,True,67338,4208302,19807.53809,0.0199
2021-12-21,SC,Itapiranga,city,2572,20,True,17007,4208401,15123.18457,0.0078
2021-12-21,SC,Itapoá,city,3867,75,True,21177,4208450,18260.37682,0.0194
2021-12-21,SC,Ituporanga,city,4146,71,True,25355,4208500,16351.80438,0.0171
2021-12-21,SC,Jaborá,city,970,11,True,3918,4208609,24757.52935,0.0113
2021-12-21,SC,Jacinto Machado,city,1587,36,True,10376,4208708,15294.91133,0.0227
2021-12-21,SC,Jaguaruna,city,3522,62,True,20288,4208807,17360.01577,0.0176
2021-12-21,SC,Jaraguá do Sul,city,36270,437,True,181173,4208906,20019.53934,0.012
2021-12-21,SC,Jardinópolis,city,406,5,True,1546,4208955,26261.31953,0.0123
2021-12-21,SC,Joaçaba,city,7102,75,True,30404,4209003,23358.76858,0.0106
2021-12-21,SC,Joinville,city,119752,2077,True,597658,4209102,20036.87728,0.0173
2021-12-21,SC,José Boiteux,city,716,9,True,5007,4209151,14299.98003,0.0126
2021-12-21,SC,Jupiá,city,312,6,True,2092,4209177,14913.95793,0.0192
2021-12-21,SC,Lacerdópolis,city,479,4,True,2247,4209201,21317.31197,0.0084
2021-12-21,SC,Lages,city,29090,534,True,157349,4209300,18487.56586,0.0184
2021-12-21,SC,Laguna,city,6002,154,True,46122,4209409,13013.31252,0.0257
2021-12-21,SC,Lajeado Grande,city,278,5,True,1418,4209458,19605.07757,0.018
2021-12-21,SC,Laurentino,city,1261,11,True,7063,4209508,17853.60328,0.0087
2021-12-21,SC,Lauro Müller,city,2546,61,True,15313,4209607,16626.39587,0.024
2021-12-21,SC,Lebon Régis,city,1246,62,True,12115,4209706,10284.77095,0.0498
2021-12-21,SC,Leoberto Leal,city,366,2,True,3000,4209805,12200.0,0.0055
2021-12-21,SC,Lindóia do Sul,city,977,12,True,4546,4209854,21491.42103,0.0123
2021-12-21,SC,Lontras,city,1284,27,True,12315,4209904,10426.30938,0.021
2021-12-21,SC,Luiz Alves,city,2363,14,True,13107,4210001,18028.53437,0.0059
2021-12-21,SC,Luzerna,city,1133,16,True,5684,4210035,19933.14567,0.0141
2021-12-21,SC,Macieira,city,191,6,True,1766,4210050,10815.40204,0.0314
2021-12-21,SC,Mafra,city,5784,135,True,56561,4210100,10226.12754,0.0233
2021-12-21,SC,Major Gercino,city,369,6,True,3454,4210209,10683.26578,0.0163
2021-12-21,SC,Major Vieira,city,392,6,True,8156,4210308,4806.27759,0.0153
2021-12-21,SC,Maracajá,city,1318,22,True,7378,4210407,17863.91976,0.0167
2021-12-21,SC,Maravilha,city,5486,73,True,26116,4210506,21006.27968,0.0133
2021-12-21,SC,Marema,city,255,13,True,1750,4210555,14571.42857,0.051
2021-12-21,SC,Massaranduba,city,3108,24,True,17125,4210605,18148.90511,0.0077
2021-12-21,SC,Matos Costa,city,180,3,True,2480,4210704,7258.06452,0.0167
2021-12-21,SC,Meleiro,city,1328,25,True,7001,4210803,18968.71875,0.0188
2021-12-21,SC,Mirim Doce,city,330,7,True,2283,4210852,14454.66491,0.0212
2021-12-21,SC,Modelo,city,534,12,True,4218,4210902,12660.02845,0.0225
2021-12-21,SC,Mondaí,city,1232,12,True,11889,4211009,10362.51998,0.0097
2021-12-21,SC,Monte Carlo,city,1342,46,True,9906,4211058,13547.34504,0.0343
2021-12-21,SC,Monte Castelo,city,976,24,True,8269,4211108,11803.12009,0.0246
2021-12-21,SC,Morro da Fumaça,city,3792,46,True,17947,4211207,21128.87948,0.0121
2021-12-21,SC,Morro Grande,city,589,7,True,2888,4211256,20394.73684,0.0119
2021-12-21,SC,Navegantes,city,11326,220,True,83626,4211306,13543.63475,0.0194
2021-12-21,SC,Nova Erechim,city,724,10,True,5092,4211405,14218.38178,0.0138
2021-12-21,SC,Nova Itaberaba,city,500,4,True,4329,4211454,11550.01155,0.008
2021-12-21,SC,Nova Trento,city,2468,21,True,14782,4211504,16695.9816,0.0085
2021-12-21,SC,Nova Veneza,city,3037,34,True,15342,4211603,19795.33307,0.0112
2021-12-21,SC,Novo Horizonte,city,264,0,True,2404,4211652,10981.69717,0.0
2021-12-21,SC,Orleans,city,5522,91,True,23038,4211702,23969.09454,0.0165
2021-12-21,SC,Otacílio Costa,city,3893,65,True,18975,4211751,20516.46904,0.0167
2021-12-21,SC,Ouro,city,1654,20,True,7272,4211801,22744.77448,0.0121
2021-12-21,SC,Ouro Verde,city,401,13,True,2207,4211850,18169.46081,0.0324
2021-12-21,SC,Paial,city,214,4,True,1474,4211876,14518.3175,0.0187
2021-12-21,SC,Painel,city,186,6,True,2356,4211892,7894.73684,0.0323
2021-12-21,SC,Palhoça,city,30909,362,True,175272,4211900,17634.87608,0.0117
2021-12-21,SC,Palma Sola,city,1065,17,True,7372,4212007,14446.55453,0.016
2021-12-21,SC,Palmeira,city,366,5,True,2650,4212056,13811.32075,0.0137
2021-12-21,SC,Palmitos,city,2437,62,True,16157,4212106,15083.24565,0.0254
2021-12-21,SC,Papanduva,city,1789,47,True,19422,4212205,9211.20379,0.0263
2021-12-21,SC,Paraíso,city,194,7,True,3360,4212239,5773.80952,0.0361
2021-12-21,SC,Passo de Torres,city,1473,31,True,9048,4212254,16279.84085,0.021
2021-12-21,SC,Passos Maia,city,366,13,True,4109,4212270,8907.27671,0.0355
2021-12-21,SC,Paulo Lopes,city,1367,16,True,7569,4212304,18060.50997,0.0117
2021-12-21,SC,Pedras Grandes,city,811,23,True,3953,4212403,20516.06375,0.0284
2021-12-21,SC,Penha,city,6286,107,True,33284,4212502,18885.95121,0.017
2021-12-21,SC,Peritiba,city,456,5,True,2760,4212601,16521.73913,0.011
2021-12-21,SC,Pescaria Brava,city,2226,26,True,10159,4212650,21911.60547,0.0117
2021-12-21,SC,Petrolândia,city,906,27,True,5905,4212700,15342.92972,0.0298
2021-12-21,SC,Pinhalzinho,city,3645,38,True,20712,4212908,17598.49363,0.0104
2021-12-21,SC,Pinheiro Preto,city,567,9,True,3596,4213005,15767.51947,0.0159
2021-12-21,SC,Piratuba,city,654,11,True,3745,4213104,17463.28438,0.0168
2021-12-21,SC,Planalto Alegre,city,376,14,True,2888,4213153,13019.39058,0.0372
2021-12-21,SC,Pomerode,city,6104,73,True,34010,4213203,17947.66245,0.012
2021-12-21,SC,Ponte Alta,city,611,15,True,4650,4213302,13139.78495,0.0245
2021-12-21,SC,Ponte Alta do Norte,city,335,8,True,3420,4213351,9795.32164,0.0239
2021-12-21,SC,Ponte Serrada,city,1492,54,True,11634,4213401,12824.47997,0.0362
2021-12-21,SC,Porto Belo,city,3191,65,True,21932,4213500,14549.51669,0.0204
2021-12-21,SC,Porto União,city,4961,93,True,35543,4213609,13957.74133,0.0187
2021-12-21,SC,Pouso Redondo,city,1950,40,True,17712,4213708,11009.48509,0.0205
2021-12-21,SC,Praia Grande,city,1293,17,True,7312,4213807,17683.26039,0.0131
2021-12-21,SC,Presidente Castello Branco,city,486,4,True,1547,4213906,31415.64318,0.0082
2021-12-21,SC,Presidente Getúlio,city,2000,39,True,17726,4214003,11282.86133,0.0195
2021-12-21,SC,Presidente Nereu,city,173,4,True,2283,4214102,7577.74858,0.0231
2021-12-21,SC,Princesa,city,471,11,True,2937,4214151,16036.77222,0.0234
2021-12-21,SC,Quilombo,city,1736,44,True,9829,4214201,17662.02055,0.0253
2021-12-21,SC,Rancho Queimado,city,536,4,True,2887,4214300,18565.98545,0.0075
2021-12-21,SC,Rio das Antas,city,769,15,True,6202,4214409,12399.22606,0.0195
2021-12-21,SC,Rio do Campo,city,681,8,True,5902,4214508,11538.46154,0.0117
2021-12-21,SC,Rio do Oeste,city,913,17,True,7520,4214607,12140.95745,0.0186
2021-12-21,SC,Rio dos Cedros,city,1007,28,True,11808,4214706,8528.11653,0.0278
2021-12-21,SC,Rio do Sul,city,9871,144,True,72006,4214805,13708.57984,0.0146
2021-12-21,SC,Rio Fortuna,city,834,11,True,4620,4214904,18051.94805,0.0132
2021-12-21,SC,Rio Negrinho,city,6027,130,True,42495,4215000,14182.84504,0.0216
2021-12-21,SC,Rio Rufino,city,237,6,True,2483,4215059,9544.90536,0.0253
2021-12-21,SC,Riqueza,city,654,16,True,4561,4215075,14338.96075,0.0245
2021-12-21,SC,Rodeio,city,1650,32,True,11600,4215109,14224.13793,0.0194
2021-12-21,SC,Romelândia,city,444,8,True,4684,4215208,9479.07771,0.018
2021-12-21,SC,Salete,city,947,9,True,7659,4215307,12364.53845,0.0095
2021-12-21,SC,Saltinho,city,276,6,True,3754,4215356,7352.1577,0.0217
2021-12-21,SC,Salto Veloso,city,715,8,True,4756,4215406,15033.64172,0.0112
2021-12-21,SC,Sangão,city,1949,16,True,12905,4215455,15102.67338,0.0082
2021-12-21,SC,Santa Cecília,city,1511,32,True,16918,4215505,8931.31576,0.0212
2021-12-21,SC,Santa Helena,city,217,4,True,2200,4215554,9863.63636,0.0184
2021-12-21,SC,Santa Rosa de Lima,city,350,5,True,2147,4215604,16301.81649,0.0143
2021-12-21,SC,Santa Rosa do Sul,city,1354,27,True,8378,4215653,16161.37503,0.0199
2021-12-21,SC,Santa Terezinha,city,581,7,True,8773,4215679,6622.59204,0.012
2021-12-21,SC,Santa Terezinha do Progresso,city,348,4,True,2372,4215687,14671.16358,0.0115
2021-12-21,SC,Santiago do Sul,city,155,2,True,1235,4215695,12550.60729,0.0129
2021-12-21,SC,Santo Amaro da Imperatriz,city,4072,85,True,23579,4215703,17269.60431,0.0209
2021-12-21,SC,São Bento do Sul,city,11967,199,True,85421,4215802,14009.43562,0.0166
2021-12-21,SC,São Bernardino,city,403,4,True,2287,4215752,17621.338,0.0099
2021-12-21,SC,São Bonifácio,city,502,7,True,2814,4215901,17839.37456,0.0139
2021-12-21,SC,São Carlos,city,1049,21,True,11369,4216008,9226.84493,0.02
2021-12-21,SC,São Cristóvão do Sul,city,303,17,True,5598,4216057,5412.64737,0.0561
2021-12-21,SC,São Domingos,city,1405,23,True,9434,4216107,14892.94043,0.0164
2021-12-21,SC,São Francisco do Sul,city,8362,180,True,53746,4216206,15558.36713,0.0215
2021-12-21,SC,São João Batista,city,5445,102,True,38583,4216305,14112.43294,0.0187
2021-12-21,SC,São João do Itaperiú,city,740,14,True,3759,4216354,19686.08673,0.0189
2021-12-21,SC,São João do Oeste,city,678,9,True,6402,4216255,10590.44049,0.0133
2021-12-21,SC,São João do Sul,city,1122,16,True,7315,4216404,15338.34586,0.0143
2021-12-21,SC,São Joaquim,city,3549,83,True,27139,4216503,13077.12149,0.0234
2021-12-21,SC,São José,city,37141,625,True,250181,4216602,14845.65175,0.0168
2021-12-21,SC,São José do Cedro,city,2112,27,True,13820,4216701,15282.19971,0.0128
2021-12-21,SC,São José do Cerrito,city,768,15,True,8173,4216800,9396.79432,0.0195
2021-12-21,SC,São Lourenço do Oeste,city,2459,68,True,24291,4216909,10123.09086,0.0277
2021-12-21,SC,São Ludgero,city,3234,36,True,13650,4217006,23692.30769,0.0111
2021-12-21,SC,São Martinho,city,799,15,True,3171,4217105,25197.09871,0.0188
2021-12-21,SC,São Miguel da Boa Vista,city,290,8,True,1807,4217154,16048.6995,0.0276
2021-12-21,SC,São Miguel do Oeste,city,7391,78,True,40868,4217204,18085.05432,0.0106
2021-12-21,SC,São Pedro de Alcântara,city,785,15,True,5935,4217253,13226.62174,0.0191
2021-12-21,SC,Saudades,city,1057,17,True,9810,4217303,10774.71967,0.0161
2021-12-21,SC,Schroeder,city,4053,43,True,21991,4217402,18430.26693,0.0106
2021-12-21,SC,Seara,city,3220,37,True,17576,4217501,18320.43696,0.0115
2021-12-21,SC,Serra Alta,city,327,6,True,3256,4217550,10042.99754,0.0183
2021-12-21,SC,Siderópolis,city,1483,50,True,14092,4217600,10523.70139,0.0337
2021-12-21,SC,Sombrio,city,4193,83,True,30733,4217709,13643.315,0.0198
2021-12-21,SC,Sul Brasil,city,630,7,True,2423,4217758,26000.82542,0.0111
2021-12-21,SC,Taió,city,2552,24,True,18486,4217808,13805.04165,0.0094
2021-12-21,SC,Tangará,city,1477,34,True,8662,4217907,17051.48926,0.023
2021-12-21,SC,Tigrinhos,city,394,2,True,1619,4217956,24336.00988,0.0051
2021-12-21,SC,Tijucas,city,7300,90,True,39155,4218004,18643.85136,0.0123
2021-12-21,SC,Timbé do Sul,city,991,18,True,5343,4218103,18547.63242,0.0182
2021-12-21,SC,Timbó,city,7843,94,True,44977,4218202,17437.80154,0.012
2021-12-21,SC,Timbó Grande,city,795,17,True,7941,4218251,10011.33359,0.0214
2021-12-21,SC,Três Barras,city,2365,72,True,19366,4218301,12212.12434,0.0304
2021-12-21,SC,Treviso,city,892,13,True,3966,4218350,22491.17499,0.0146
2021-12-21,SC,Treze de Maio,city,1261,16,True,7093,4218400,17778.09108,0.0127
2021-12-21,SC,Treze Tílias,city,1038,15,True,7991,4218509,12989.61331,0.0145
2021-12-21,SC,Trombudo Central,city,1355,28,True,7434,4218608,18227.06484,0.0207
2021-12-21,SC,Tubarão,city,22251,478,True,106422,4218707,20908.27085,0.0215
2021-12-21,SC,Tunápolis,city,1213,10,True,4525,4218756,26806.62983,0.0082
2021-12-21,SC,Turvo,city,2243,33,True,12990,4218806,17267.12856,0.0147
2021-12-21,SC,União do Oeste,city,410,12,True,2412,4218855,16998.34163,0.0293
2021-12-21,SC,Urubici,city,741,27,True,11273,4218905,6573.22807,0.0364
2021-12-21,SC,Urupema,city,294,3,True,2459,4218954,11956.07971,0.0102
2021-12-21,SC,Urussanga,city,4088,70,True,21344,4219002,19152.92354,0.0171
2021-12-21,SC,Vargeão,city,366,9,True,3571,4219101,10249.22991,0.0246
2021-12-21,SC,Vargem,city,544,4,True,2432,4219150,22368.42105,0.0074
2021-12-21,SC,Vargem Bonita,city,806,8,True,4451,4219176,18108.29027,0.0099
2021-12-21,SC,Vidal Ramos,city,750,13,True,6329,4219200,11850.2133,0.0173
2021-12-21,SC,Videira,city,11670,125,True,53610,4219309,21768.3268,0.0107
2021-12-21,SC,Vitor Meireles,city,583,12,True,4943,4219358,11794.45681,0.0206
2021-12-21,SC,Witmarsum,city,424,5,True,3998,4219408,10605.30265,0.0118
2021-12-21,SC,Xanxerê,city,11143,192,True,51642,4219507,21577.39824,0.0172
2021-12-21,SC,Xavantina,city,457,5,True,3903,4219606,11708.94184,0.0109
2021-12-21,SC,Xaxim,city,6213,120,True,28983,4219705,21436.70427,0.0193
2021-12-21,SC,Zortéa,city,904,13,True,3398,4219853,26603.88464,0.0144
2021-12-21,SC,,state,1238751,20135,False,7252502,42,17080.32621,0.0163
2021-12-21,SE,,state,278439,6056,False,2318822,28,12007.77809,0.0217
