"Country","Agricultural Land( %)","Land Area(Km2)","Armed Forces size","Birth Rate","Co2-Emissions","Fertility Rate","Forested Area (%)","Gasoline Price","GDP","Gross primary education enrollment (%)","Gross tertiary education enrollment (%)","Infant mortality","Life expectancy","Maternal mortality ratio","Minimum wage","Official language","Out of pocket health expenditure","Physicians per thousand","Population","Population: Labor force participation (%)","Tax revenue (%)","Total tax rate","Unemployment rate","Urban_population","Latitude","Longitude"
"Afghanistan","58.10%",652230.0,"323000.0",32.49,8672.0,4.47,"2.10%","$0.70 ","$19,101,353,833 ","104.00%","9.70%",47.9,"64.5","638.0","$0.43 ","Pashto","78.40%",0.28,38041754.0,"48.90%","9.30%","71.40%","11.12%",9797273.0,33.93911,67.709953
"Albania","43.10%",28748.0,"9000.0",11.78,4536.0,1.62,"28.10%","$1.36 ","$15,278,077,447 ","107.00%","55.00%",7.8,"78.5","15.0","$1.12 ","Albanian","56.90%",1.2,2854191.0,"55.70%","18.60%","36.60%","12.33%",1747593.0,41.153332,20.168331
"Algeria","17.40%",2381741.0,"317000.0",24.28,150006.0,3.02,"0.80%","$0.28 ","$169,988,236,398 ","109.90%","51.40%",20.1,"76.7","112.0","$0.95 ","Arabic","28.10%",1.72,43053054.0,"41.20%","37.20%","66.10%","11.70%",31510100.0,28.033886,1.659626
"Andorra","40.00%",468.0,"",7.2,469.0,1.27,"34.00%","$1.51 ","$3,154,057,987 ","106.40%","",2.7,"","","$6.63 ","Catalan","36.40%",3.33,77142.0,"","","","",67873.0,42.506285,1.521801
"Angola","47.50%",1246700.0,"117000.0",40.73,34693.0,5.52,"46.30%","$0.97 ","$94,635,415,870 ","113.50%","9.30%",51.6,"60.8","241.0","$0.71 ","Portuguese","33.40%",0.21,31825295.0,"77.50%","9.20%","49.10%","6.89%",21061025.0,-11.202692,17.873887
"Antigua and Barbuda","20.50%",443.0,"0.0",15.33,557.0,1.99,"22.30%","$0.99 ","$1,727,759,259 ","105.00%","24.80%",5.0,"76.9","42.0","$3.04 ","English","24.30%",2.76,97118.0,"","16.50%","43.00%","",23800.0,17.060816,-61.796428
"Argentina","54.30%",2780400.0,"105000.0",17.02,201348.0,2.26,"9.80%","$1.10 ","$449,663,446,954 ","109.70%","90.00%",8.8,"76.5","39.0","$3.35 ","Spanish","17.60%",3.96,44938712.0,"61.30%","10.10%","106.30%","9.79%",41339571.0,-38.416097,-63.616672
"Armenia","58.90%",29743.0,"49000.0",13.99,5156.0,1.76,"11.70%","$0.77 ","$13,672,802,158 ","92.70%","54.60%",11.0,"74.9","26.0","$0.66 ","Armenian","81.60%",4.4,2957731.0,"55.60%","20.90%","22.60%","16.99%",1869848.0,40.069099,45.038189
"Australia","48.20%",7741220.0,"58000.0",12.6,375908.0,1.74,"16.30%","$0.93 ","$1,392,680,589,329 ","100.30%","113.10%",3.1,"82.7","6.0","$13.59 ","","19.60%",3.68,25766605.0,"65.50%","23.00%","47.40%","5.27%",21844756.0,-25.274398,133.775136
"Austria","32.40%",83871.0,"21000.0",9.7,61448.0,1.47,"46.90%","$1.20 ","$446,314,739,528 ","103.10%","85.10%",2.9,"81.6","5.0","","German","17.90%",5.17,8877067.0,"60.70%","25.40%","51.40%","4.67%",5194416.0,47.516231,14.550072
"Azerbaijan","57.70%",86600.0,"82000.0",14.0,37620.0,1.73,"14.10%","$0.56 ","$39,207,000,000 ","99.70%","27.70%",19.2,"72.9","26.0","$0.47 ","Azerbaijani language","78.60%",3.45,10023318.0,"66.50%","13.00%","40.70%","5.51%",5616165.0,40.143105,47.576927
"The Bahamas","1.40%",13880.0,"1000.0",13.97,1786.0,1.75,"51.40%","$0.92 ","$12,827,000,000 ","81.40%","15.10%",8.3,"73.8","70.0","$5.25 ","English","27.80%",1.94,389482.0,"74.60%","14.80%","33.80%","10.36%",323784.0,25.03428,-77.39628
"Bahrain","11.10%",765.0,"19000.0",13.99,31694.0,1.99,"0.80%","$0.43 ","$38,574,069,149 ","99.40%","50.50%",6.1,"77.2","14.0","","Arabic","25.10%",0.93,1501635.0,"73.40%","4.20%","13.80%","0.71%",1467109.0,26.0667,50.5577
"Bangladesh","70.60%",148460.0,"221000.0",18.18,84246.0,2.04,"11.00%","$1.12 ","$302,571,254,131 ","116.50%","20.60%",25.1,"72.3","173.0","$0.51 ","Bengali","71.80%",0.58,167310838.0,"59.00%","8.80%","33.40%","4.19%",60987417.0,23.684994,90.356331
"Barbados","23.30%",430.0,"1000.0",10.65,1276.0,1.62,"14.70%","$1.81 ","$5,209,000,000 ","99.40%","65.40%",11.3,"79.1","27.0","$3.13 ","English","45.20%",2.48,287025.0,"65.20%","27.50%","35.60%","10.33%",89431.0,13.193887,-59.543198
"Belarus","42.00%",207600.0,"155000.0",9.9,58280.0,1.45,"42.60%","$0.60 ","$63,080,457,023 ","100.50%","87.40%",2.6,"74.2","2.0","$1.49 ","Russian","34.50%",5.19,9466856.0,"64.10%","14.70%","53.30%","4.59%",7482982.0,53.709807,27.953389
"Belgium","44.60%",30528.0,"32000.0",10.3,96889.0,1.62,"22.60%","$1.43 ","$529,606,710,418 ","103.90%","79.70%",2.9,"81.6","5.0","$10.31 ","French","17.60%",3.07,11484055.0,"53.60%","24.00%","55.40%","5.59%",11259082.0,50.503887,4.469936
"Belize","7.00%",22966.0,"2000.0",20.79,568.0,2.31,"59.70%","$1.13 ","$1,879,613,600 ","111.70%","24.70%",11.2,"74.5","36.0","$1.65 ","English","22.70%",1.12,390353.0,"65.10%","26.30%","31.10%","6.41%",179039.0,17.189877,-88.49765
"Benin","33.30%",112622.0,"12000.0",36.22,6476.0,4.84,"37.80%","$0.72 ","$14,390,709,095 ","122.00%","12.30%",60.5,"61.5","397.0","$0.39 ","French","40.50%",0.08,11801151.0,"70.90%","10.80%","48.90%","2.23%",5648149.0,9.30769,2.315834
"Bhutan","13.60%",38394.0,"6000.0",17.26,1261.0,1.98,"72.50%","$0.98 ","$2,446,674,101 ","100.10%","15.60%",24.8,"71.5","183.0","$0.32 ","Dzongkha","19.80%",0.42,727145.0,"66.70%","16.00%","35.30%","2.34%",317538.0,27.514162,90.433601
"Bolivia","34.80%",1098581.0,"71000.0",21.75,21606.0,2.73,"50.30%","$0.71 ","$40,895,322,865 ","98.20%","",21.8,"71.2","155.0","$1.36 ","Spanish","25.90%",1.59,11513100.0,"71.80%","17.00%","83.70%","3.50%",8033035.0,-16.290154,-63.588653
"Bosnia and Herzegovina","43.10%",51197.0,"11000.0",8.11,21848.0,1.27,"42.70%","$1.05 ","$20,047,848,435 ","","23.30%",5.0,"77.3","10.0","$1.04 ","Bosnian","28.60%",2.16,3301000.0,"46.40%","20.40%","23.70%","18.42%",1605144.0,43.915886,17.679076
"Botswana","45.60%",581730.0,"9000.0",24.82,6340.0,2.87,"18.90%","$0.71 ","$18,340,510,789 ","103.20%","24.90%",30.0,"69.3","144.0","$0.29 ","English","5.30%",0.37,2346179.0,"70.80%","19.50%","25.10%","18.19%",1616550.0,-22.328474,24.684866
"Brazil","33.90%",8515770.0,"730000.0",13.92,462299.0,1.73,"58.90%","$1.02 ","$1,839,758,040,766 ","115.40%","51.30%",12.8,"75.7","60.0","$1.53 ","Portuguese","28.30%",2.15,212559417.0,"63.90%","14.20%","65.10%","12.08%",183241641.0,-14.235004,-51.92528
"Brunei","2.70%",5765.0,"8000.0",14.9,7664.0,1.85,"72.10%","$0.37 ","$13,469,422,941 ","103.20%","31.40%",9.8,"75.7","31.0","","Malay","6.00%",1.61,433285.0,"64.70%","","8.00%","9.12%",337711.0,4.535277,114.727669
"Bulgaria","46.30%",110879.0,"31000.0",8.9,41708.0,1.56,"35.40%","$1.11 ","$86,000,000,000 ","89.30%","71.00%",5.9,"74.9","10.0","$1.57 ","Bulgarian","47.70%",4.03,6975761.0,"55.40%","20.20%","28.30%","4.34%",5256027.0,42.733883,25.48583
"Burkina Faso","44.20%",274200.0,"11000.0",37.93,3418.0,5.19,"19.30%","$0.98 ","$15,745,810,235 ","96.10%","6.50%",49.0,"61.2","320.0","$0.34 ","French","36.10%",0.08,20321378.0,"66.40%","15.00%","41.30%","6.26%",6092349.0,12.238333,-1.561593
"Burundi","79.20%",27830.0,"31000.0",39.01,495.0,5.41,"10.90%","$1.21 ","$3,012,334,882 ","121.40%","6.10%",41.0,"61.2","548.0","","Kirundi","19.10%",0.1,11530580.0,"79.20%","13.60%","41.20%","1.43%",1541177.0,-3.373056,29.918886
"Ivory Coast","64.80%",322463.0,"27000.0",35.74,9674.0,4.65,"32.70%","$0.93 ","$58,792,205,642 ","99.80%","9.30%",59.4,"57.4","617.0","$0.36 ","French","36.00%",0.23,25716544.0,"57.00%","11.80%","50.10%","3.32%",13176900.0,7.539989,-5.54708
"Cape Verde","19.60%",4033.0,"1000.0",19.49,543.0,2.27,"22.50%","$1.02 ","$1,981,845,741 ","104.00%","23.60%",16.7,"72.8","58.0","$0.68 ","Portuguese","23.20%",0.77,483628.0,"60.50%","20.10%","37.50%","12.25%",364029.0,16.5388,-23.0418
"Cambodia","30.90%",181035.0,"191000.0",22.46,9919.0,2.5,"52.90%","$0.90 ","$27,089,389,787 ","107.40%","13.70%",24.0,"69.6","160.0","","Khmer language","59.40%",0.17,16486542.0,"82.30%","17.10%","23.10%","0.68%",3924621.0,12.565679,104.990963
"Cameroon","20.60%",475440.0,"24000.0",35.39,8291.0,4.57,"39.30%","$1.03 ","$38,760,467,033 ","103.40%","12.80%",50.6,"58.9","529.0","$0.35 ","French","69.70%",0.09,25876380.0,"76.10%","12.80%","57.70%","3.38%",14741256.0,7.369722,12.354722
"Canada","6.90%",9984670.0,"72000.0",10.1,544894.0,1.5,"38.20%","$0.81 ","$1,736,425,629,520 ","100.90%","68.90%",4.3,"81.9","10.0","$9.51 ","French","14.60%",2.61,36991981.0,"65.10%","12.80%","24.50%","5.56%",30628482.0,56.130366,-106.346771
"Central African Republic","8.20%",622984.0,"8000.0",35.35,297.0,4.72,"35.60%","$1.41 ","$2,220,307,369 ","102.00%","3.00%",84.5,"52.8","829.0","$0.37 ","French","39.60%",0.06,4745185.0,"72.00%","8.60%","73.30%","3.68%",1982064.0,6.611111,20.939444
"Chad","39.70%",1284000.0,"35000.0",42.17,1016.0,5.75,"3.80%","$0.78 ","$11,314,951,343 ","86.80%","3.30%",71.4,"54.0","1140.0","$0.60 ","French","56.40%",0.04,15946876.0,"70.70%","","63.50%","1.89%",3712273.0,15.454166,18.732207
"Chile","21.20%",756096.0,"122000.0",12.43,85822.0,1.65,"24.30%","$1.03 ","$282,318,159,745 ","101.40%","88.50%",6.2,"80.0","13.0","$2.00 ","Spanish","32.20%",2.59,18952038.0,"62.60%","18.20%","34.00%","7.09%",16610135.0,-35.675147,-71.542969
"China","56.20%",9596960.0,"2695000.0",10.9,9893038.0,1.69,"22.40%","$0.96 ","$19,910,000,000,000 ","100.20%","50.60%",7.4,"77.0","29.0","$0.87 ","Standard Chinese","32.40%",1.98,1397715000.0,"68.00%","9.40%","59.20%","4.32%",842933962.0,35.86166,104.195397
"Colombia","40.30%",1138910.0,"481000.0",14.88,97814.0,1.81,"52.70%","$0.68 ","$323,802,808,108 ","114.50%","55.30%",12.2,"77.1","83.0","$1.23 ","Spanish","18.30%",2.18,50339443.0,"68.80%","14.40%","71.20%","9.71%",40827302.0,4.570868,-74.297333
"Comoros","71.50%",2235.0,"",31.88,202.0,4.21,"19.70%","","$1,185,728,677 ","99.50%","9.00%",51.3,"64.1","273.0","$0.71 ","French","74.80%",0.27,850886.0,"43.30%","","219.60%","4.34%",248152.0,-11.6455,43.3333
"Republic of the Congo","31.10%",342000.0,"12000.0",32.86,3282.0,4.43,"65.40%","$0.97 ","$10,820,591,131 ","106.60%","12.70%",36.2,"64.3","378.0","$0.88 ","French","43.80%",0.12,5380508.0,"69.40%","9.00%","54.30%","9.47%",3625010.0,-0.228021,15.827659
"Costa Rica","34.50%",51100.0,"10000.0",13.97,8023.0,1.75,"54.60%","$0.98 ","$61,773,944,174 ","113.30%","55.20%",7.6,"80.1","27.0","$1.84 ","Spanish","21.50%",2.89,5047561.0,"62.10%","13.60%","58.30%","11.85%",4041885.0,9.748917,-83.753428
"Croatia","27.60%",56594.0,"18000.0",9.0,17488.0,1.47,"34.40%","$1.26 ","$60,415,553,039 ","96.50%","67.90%",4.0,"78.1","8.0","$2.92 ","Croatian","15.20%",3.0,4067500.0,"51.20%","22.00%","20.50%","6.93%",2328318.0,45.1,15.2
"Cuba","59.90%",110860.0,"76000.0",10.17,28284.0,1.62,"31.30%","$1.40 ","$100,023,000,000 ","101.90%","41.40%",3.7,"78.7","36.0","$0.05 ","Spanish","",8.42,11333483.0,"53.60%","","","1.64%",8739135.0,21.521757,-77.781167
"Cyprus","12.20%",9251.0,"16000.0",10.46,6626.0,1.33,"18.70%","$1.23 ","$24,564,647,935 ","99.30%","75.90%",1.9,"80.8","6.0","","Greek","43.90%",1.95,1198575.0,"63.10%","24.50%","22.40%","7.27%",800708.0,35.126413,33.429859
"Czech Republic","45.20%",78867.0,"23000.0",10.7,102218.0,1.69,"34.60%","$1.17 ","$246,489,245,495 ","100.70%","64.10%",2.7,"79.0","3.0","$3.00 ","Czech","14.80%",4.12,10669709.0,"60.60%","14.90%","46.10%","1.93%",7887156.0,49.817492,15.472962
"Democratic Republic of the Congo","11.60%",2344858.0,"134000.0",41.18,2021.0,5.92,"67.20%","$1.49 ","$47,319,624,204 ","108.00%","6.60%",68.2,"60.4","473.0","$0.18 ","French","37.40%",0.07,86790567.0,"63.50%","10.70%","50.70%","4.24%",39095679.0,-4.038333,21.758664
"Denmark","62.00%",43094.0,"15000.0",10.6,31786.0,1.73,"14.70%","$1.55 ","$348,078,018,464 ","101.30%","80.60%",3.6,"81.0","4.0","","Danish","13.70%",4.01,5818553.0,"62.20%","32.40%","23.80%","4.91%",5119978.0,56.26392,9.501785
"Djibouti","73.40%",23200.0,"13000.0",21.47,620.0,2.73,"0.20%","$1.32 ","$3,318,716,359 ","75.30%","5.30%",49.8,"66.6","248.0","","French","20.40%",0.22,973560.0,"60.20%","","37.90%","10.30%",758549.0,11.825138,42.590275
"Dominica","33.30%",751.0,"",12.0,180.0,1.9,"57.40%","","$596,033,333 ","114.70%","7.20%",32.9,"76.6","","$1.48 ","English","28.40%",1.08,71808.0,"","22.10%","32.60%","",50830.0,15.414999,-61.370976
"Dominican Republic","48.70%",48670.0,"71000.0",19.51,25258.0,2.35,"41.70%","$1.07 ","$88,941,298,258 ","105.70%","59.90%",24.1,"73.9","95.0","$0.40 ","Spanish","43.70%",1.56,10738958.0,"64.30%","13.00%","48.80%","5.84%",8787475.0,18.735693,-70.162651
"Ecuador","22.20%",283561.0,"41000.0",19.72,41155.0,2.43,"50.20%","$0.61 ","$107,435,665,000 ","103.30%","44.90%",12.2,"76.8","59.0","$2.46 ","Spanish","43.70%",2.04,17373662.0,"68.00%","","34.40%","3.97%",11116711.0,-1.831239,-78.183406
"Egypt","3.80%",1001450.0,"836000.0",26.38,238560.0,3.33,"0.10%","$0.40 ","$303,175,127,598 ","106.30%","35.20%",18.1,"71.8","37.0","","Modern Standard Arabic","62.00%",0.45,100388073.0,"46.40%","12.50%","44.40%","10.76%",42895824.0,26.820553,30.802498
"El Salvador","76.40%",21041.0,"42000.0",18.25,7169.0,2.04,"12.60%","$0.83 ","$27,022,640,000 ","94.80%","29.40%",11.8,"73.1","46.0","$0.50 ","Spanish","27.90%",1.57,6453553.0,"59.10%","18.10%","36.40%","4.11%",4694702.0,13.794185,-88.89653
"Equatorial Guinea","10.10%",28051.0,"1000.0",33.24,5655.0,4.51,"55.50%","","$11,026,774,945 ","61.80%","1.90%",62.6,"58.4","301.0","$1.05 ","Spanish","72.00%",0.4,1355986.0,"62.00%","6.10%","79.40%","6.43%",984812.0,1.650801,10.267895
"Eritrea","75.20%",117600.0,"202000.0",30.3,711.0,4.06,"14.90%","$2.00 ","$2,065,001,626 ","68.40%","3.40%",31.3,"65.9","480.0","","Tigrinya","52.40%",0.06,6333135.0,"78.40%","","83.70%","5.14%",1149670.0,15.179384,39.782334
"Estonia","23.10%",45228.0,"6000.0",10.9,16590.0,1.59,"51.30%","$1.14 ","$31,386,949,981 ","97.20%","69.60%",2.1,"78.2","9.0","$3.14 ","Estonian","22.80%",4.48,1331824.0,"63.60%","20.90%","47.80%","5.11%",916024.0,58.595272,25.013607
"Ethiopia","36.30%",1104300.0,"138000.0",32.34,14870.0,4.25,"12.50%","$0.75 ","$96,107,662,398 ","101.00%","8.10%",39.1,"66.2","401.0","","Amharic","37.80%",0.08,112078730.0,"79.60%","7.50%","37.70%","2.08%",23788710.0,9.145,40.489673
"Fiji","23.30%",18274.0,"4000.0",21.28,2046.0,2.77,"55.90%","$0.82 ","$5,535,548,972 ","106.40%","16.10%",21.6,"67.3","34.0","$1.28 ","Fiji Hindi","21.40%",0.84,889953.0,"57.60%","24.20%","32.10%","4.10%",505048.0,-17.713371,178.065032
"Finland","7.50%",338145.0,"25000.0",8.6,45871.0,1.41,"73.10%","$1.45 ","$268,761,201,365 ","100.20%","88.20%",1.4,"81.7","3.0","","Swedish","19.90%",3.81,5520314.0,"59.10%","20.80%","36.60%","6.59%",4716888.0,61.92411,25.748151
"France","52.40%",643801.0,"307000.0",11.3,303276.0,1.88,"31.20%","$1.39 ","$2,715,518,274,227 ","102.50%","65.60%",3.4,"82.5","8.0","$11.16 ","French","6.80%",3.27,67059887.0,"55.10%","24.20%","60.70%","8.43%",54123364.0,46.227638,2.213749
"Gabon","20.00%",267667.0,"7000.0",31.61,5321.0,3.97,"90.00%","$0.92 ","$16,657,960,228 ","139.90%","8.30%",32.7,"66.2","252.0","$1.46 ","French","25.90%",0.68,2172579.0,"52.90%","10.20%","47.10%","20.00%",1949694.0,-0.803689,11.609444
"The Gambia","59.80%",11300.0,"1000.0",38.54,532.0,5.22,"48.40%","$1.18 ","$1,763,819,048 ","98.00%","2.70%",39.0,"61.7","597.0","$0.13 ","English","20.30%",0.1,2347706.0,"59.40%","9.40%","48.40%","9.06%",1453958.0,13.443182,-15.310139
"Georgia","34.50%",69700.0,"26000.0",13.47,10128.0,2.06,"40.60%","$0.76 ","$17,743,195,770 ","98.60%","63.90%",8.7,"73.6","25.0","$0.05 ","Georgian","57.30%",7.12,3720382.0,"68.30%","21.70%","9.90%","14.40%",2196476.0,42.315407,43.356892
"Germany","47.70%",357022.0,"180000.0",9.5,727973.0,1.56,"32.70%","$1.39 ","$3,845,630,030,824 ","104.00%","70.20%",3.1,"80.9","7.0","$9.99 ","German","12.50%",4.25,83132799.0,"60.80%","11.50%","48.80%","3.04%",64324835.0,51.165691,10.451526
"Ghana","69.00%",238533.0,"16000.0",29.41,16670.0,3.87,"41.20%","$0.92 ","$66,983,634,224 ","104.80%","15.70%",34.9,"63.8","308.0","$0.27 ","English","36.10%",0.14,30792608.0,"67.80%","12.60%","55.40%","4.33%",17249054.0,7.946527,-1.023194
"Greece","47.60%",131957.0,"146000.0",8.1,62434.0,1.35,"31.70%","$1.54 ","$209,852,761,469 ","99.60%","136.60%",3.6,"81.3","3.0","$4.46 ","Greek","35.50%",5.48,10716322.0,"51.80%","26.20%","51.90%","17.24%",8507474.0,39.074208,21.824312
"Grenada","23.50%",349.0,"",16.47,268.0,2.06,"50.00%","$1.12 ","$1,228,170,370 ","106.90%","104.60%",13.7,"72.4","25.0","","English","57.00%",1.41,112003.0,"","19.40%","47.80%","",40765.0,12.1165,-61.679
"Guatemala","36.00%",108889.0,"43000.0",24.56,16777.0,2.87,"32.70%","$0.79 ","$76,710,385,880 ","101.90%","21.80%",22.1,"74.1","95.0","$1.60 ","Spanish","55.80%",0.35,16604026.0,"62.30%","10.60%","35.20%","2.46%",8540945.0,15.783471,-90.230759
"Guinea","59.00%",245857.0,"13000.0",36.36,2996.0,4.7,"25.80%","$0.90 ","$13,590,281,809 ","91.50%","11.60%",64.9,"61.2","576.0","","French","54.50%",0.08,12771246.0,"61.50%","10.80%","69.30%","4.30%",4661505.0,9.945587,-9.696645
"Guinea-Bissau","58.00%",36125.0,"4000.0",35.13,293.0,4.48,"69.80%","","$1,340,389,411 ","118.70%","2.60%",54.0,"58.0","667.0","$0.16 ","Portuguese","37.20%",0.13,1920922.0,"72.00%","10.30%","45.50%","2.47%",840922.0,11.803749,-15.180413
"Guyana","8.60%",214969.0,"3000.0",19.97,2384.0,2.46,"83.90%","$0.90 ","$4,280,443,645 ","97.80%","11.60%",25.1,"69.8","169.0","$0.98 ","English","40.50%",0.8,782766.0,"56.20%","","30.60%","11.85%",208912.0,4.860416,-58.93018
"Haiti","66.80%",27750.0,"0.0",24.35,2978.0,2.94,"3.50%","$0.81 ","$8,498,981,821 ","113.60%","1.10%",49.5,"63.7","480.0","$0.25 ","French","36.30%",0.23,11263077.0,"67.20%","","42.70%","13.78%",6328948.0,18.971187,-72.285215
"Honduras","28.90%",112090.0,"23000.0",21.6,9813.0,2.46,"40.00%","$0.98 ","$25,095,395,475 ","91.50%","26.20%",15.1,"75.1","65.0","$1.01 ","Spanish","49.10%",0.31,9746117.0,"68.80%","17.30%","39.10%","5.39%",5626433.0,15.199999,-86.241905
"Hungary","58.40%",93028.0,"40000.0",9.6,45537.0,1.54,"22.90%","$1.18 ","$160,967,157,504 ","100.80%","48.50%",3.6,"75.8","12.0","$2.62 ","Hungarian","29.00%",3.41,9769949.0,"56.50%","23.00%","37.90%","3.40%",6999582.0,47.162494,19.503304
"Iceland","18.70%",103000.0,"0.0",12.0,2065.0,1.71,"0.50%","$1.69 ","$24,188,035,739 ","100.40%","71.80%",1.5,"82.7","4.0","","Icelandic","17.00%",4.08,361313.0,"75.00%","23.30%","31.90%","2.84%",339110.0,64.963051,-19.020835
"India","60.40%",3287263.0,"3031000.0",17.86,2407672.0,2.22,"23.80%","$0.97 ","$2,611,000,000,000 ","113.00%","28.10%",29.9,"69.4","145.0","$0.30 ","Hindi","65.10%",0.86,1366417754.0,"49.30%","11.20%","49.70%","5.36%",471031528.0,20.593684,78.96288
"Indonesia","31.50%",1904569.0,"676000.0",18.07,563325.0,2.31,"49.90%","$0.63 ","$1,119,190,780,753 ","106.40%","36.30%",21.1,"71.5","177.0","$0.48 ","Indonesian","48.30%",0.43,270203917.0,"67.50%","10.20%","30.10%","4.69%",151509724.0,-0.789275,113.921327
"Iran","28.20%",1648195.0,"563000.0",18.78,661710.0,2.14,"6.60%","$0.40 ","$445,345,282,123 ","110.70%","68.10%",12.4,"76.5","16.0","$1.58 ","Persian","39.70%",1.58,82913906.0,"44.70%","7.40%","44.70%","11.38%",62509623.0,32.427908,53.688046
"Iraq","21.40%",438317.0,"209000.0",29.08,190061.0,3.67,"1.90%","$0.61 ","$234,094,042,939 ","108.70%","16.20%",22.5,"70.5","79.0","$1.24 ","Arabic","76.50%",0.71,39309783.0,"43.00%","2.00%","30.80%","12.82%",27783368.0,33.223191,43.679291
"Republic of Ireland","64.50%",70273.0,"9000.0",12.5,37711.0,1.75,"11.00%","$1.37 ","$388,698,711,348 ","100.90%","77.80%",3.1,"82.3","5.0","$10.79 ","Irish","15.20%",3.31,5007069.0,"62.10%","18.30%","26.10%","4.93%",3133123.0,53.41291,-8.24389
"Israel","24.60%",20770.0,"178000.0",20.8,65166.0,3.09,"7.70%","$1.57 ","$395,098,666,122 ","104.90%","63.40%",3.0,"82.8","3.0","$7.58 ","Hebrew","24.40%",4.62,9053300.0,"64.00%","23.10%","25.30%","3.86%",8374393.0,31.046051,34.851612
"Italy","43.20%",301340.0,"347000.0",7.3,320411.0,1.29,"31.80%","$1.61 ","$2,001,244,392,042 ","101.90%","61.90%",2.6,"82.9","2.0","","Italian","22.80%",3.98,60297396.0,"49.60%","24.30%","59.10%","9.89%",42651966.0,41.87194,12.56738
"Jamaica","41.00%",10991.0,"4000.0",16.1,8225.0,1.98,"30.90%","$1.11 ","$16,458,071,068 ","91.00%","27.10%",12.4,"74.4","80.0","$1.33 ","Jamaican English","23.70%",1.31,2948279.0,"66.00%","26.80%","35.10%","8.00%",1650594.0,18.109581,-77.297508
"Japan","12.30%",377944.0,"261000.0",7.4,1135886.0,1.42,"68.50%","$1.06 ","$5,081,769,542,380 ","98.80%","63.20%",1.8,"84.2","5.0","$6.77 ","","13.10%",2.41,126226568.0,"61.70%","11.90%","46.70%","2.29%",115782416.0,36.204824,138.252924
"Jordan","12.00%",89342.0,"116000.0",21.98,25108.0,2.76,"1.10%","$1.10 ","$43,743,661,972 ","81.50%","34.40%",13.9,"74.4","46.0","$1.49 ","Arabic","25.10%",2.32,10101694.0,"39.30%","15.10%","28.60%","14.72%",9213048.0,30.585164,36.238414
"Kazakhstan","80.40%",2724900.0,"71000.0",21.77,247207.0,2.84,"1.20%","$0.42 ","$180,161,741,180 ","104.40%","61.70%",8.8,"73.2","10.0","$0.41 ","Russian","38.80%",3.25,18513930.0,"68.80%","11.70%","28.40%","4.59%",10652915.0,48.019573,66.923684
"Kenya","48.50%",580367.0,"29000.0",28.75,17910.0,3.49,"7.80%","$0.95 ","$95,503,088,538 ","103.20%","11.50%",30.6,"66.3","342.0","$0.25 ","Swahili","33.40%",0.16,52573973.0,"74.70%","15.10%","37.20%","2.64%",14461523.0,-0.023559,37.906193
"Kiribati","42.00%",811.0,"",27.89,66.0,3.57,"15.00%","","$194,647,202 ","101.30%","",41.2,"68.1","92.0","","English","0.20%",0.2,117606.0,"","22.00%","32.70%","",64489.0,1.8368976,-157.3768317
"Kuwait","8.40%",17818.0,"25000.0",13.94,98734.0,2.08,"0.40%","$0.35 ","$134,761,198,946 ","92.40%","54.40%",6.7,"75.4","12.0","$0.95 ","Modern Standard Arabic","14.40%",2.58,4207083.0,"73.50%","1.40%","13.00%","2.18%",4207083.0,29.31166,47.481766
"Kyrgyzstan","55.00%",199951.0,"21000.0",27.1,9787.0,3.3,"3.30%","$0.56 ","$8,454,619,608 ","107.60%","41.30%",16.9,"71.4","60.0","$0.09 ","Russian","48.20%",1.88,6456900.0,"59.80%","18.00%","29.00%","6.33%",2362644.0,41.20438,74.766098
"Laos","10.30%",236800.0,"129000.0",23.55,17763.0,2.67,"82.10%","$0.93 ","$18,173,839,128 ","102.40%","15.00%",37.6,"67.6","185.0","$0.83 ","Lao","45.40%",0.37,7169455.0,"78.50%","12.90%","24.10%","0.63%",2555552.0,19.85627,102.495496
"Latvia","31.10%",64589.0,"6000.0",10.0,7004.0,1.6,"54.00%","$1.16 ","$34,117,202,555 ","99.40%","88.10%",3.3,"74.7","19.0","$2.80 ","Latvian","41.60%",3.19,1912789.0,"61.40%","22.90%","38.10%","6.52%",1304943.0,56.879635,24.603189
"Lebanon","64.30%",10400.0,"80000.0",17.55,24796.0,2.09,"13.40%","$0.74 ","$53,367,042,272 ","95.10%","26.30%",6.4,"78.9","29.0","$2.15 ","Arabic","32.10%",2.1,6855713.0,"47.00%","15.30%","32.20%","6.23%",6084994.0,33.854721,35.862285
"Lesotho","77.60%",30355.0,"2000.0",26.81,2512.0,3.14,"1.60%","$0.70 ","$2,460,072,444 ","120.90%","10.20%",65.7,"53.7","544.0","$0.41 ","English","16.90%",0.07,2125268.0,"67.90%","31.60%","13.60%","23.41%",607508.0,-29.609988,28.233608
"Liberia","28.00%",111369.0,"2000.0",33.04,1386.0,4.32,"43.10%","$0.80 ","$3,070,518,100 ","85.10%","11.90%",53.5,"63.7","661.0","$0.17 ","English","19.60%",0.04,4937374.0,"76.30%","12.90%","46.20%","2.81%",2548426.0,6.428055,-9.429499
"Libya","8.70%",1759540.0,"0.0",18.83,50564.0,2.24,"0.10%","$0.11 ","$52,076,250,948 ","109.00%","60.50%",10.2,"72.7","72.0","$1.88 ","Arabic","36.70%",2.09,6777452.0,"49.70%","","32.60%","18.56%",5448597.0,26.3351,17.228331
"Lithuania","47.20%",65300.0,"34000.0",10.0,12963.0,1.63,"34.80%","$1.16 ","$54,219,315,600 ","103.90%","72.40%",3.3,"75.7","8.0","$2.41 ","Lithuanian","32.10%",6.35,2786844.0,"61.60%","16.90%","42.60%","6.35%",1891013.0,55.169438,23.881275
"Luxembourg","53.70%",2586.0,"2000.0",10.3,8988.0,1.37,"35.70%","$1.19 ","$71,104,919,108 ","102.30%","19.20%",1.9,"82.1","5.0","$13.05 ","Luxembourgish","10.60%",3.01,645397.0,"59.30%","26.50%","20.40%","5.36%",565488.0,49.815273,6.129583
"Madagascar","71.20%",587041.0,"22000.0",32.66,3905.0,4.08,"21.40%","$1.11 ","$14,083,906,357 ","142.50%","5.40%",38.2,"66.7","335.0","$0.21 ","French","21.70%",0.18,26969307.0,"86.10%","10.20%","38.30%","1.76%",10210849.0,-18.766947,46.869107
"Malawi","61.40%",118484.0,"15000.0",34.12,1298.0,4.21,"33.20%","$1.15 ","$7,666,704,427 ","142.50%","0.80%",35.3,"63.8","349.0","$0.12 ","English","11.00%",0.04,18628747.0,"76.70%","17.30%","34.50%","5.65%",3199301.0,-13.254308,34.301525
"Malaysia","26.30%",329847.0,"136000.0",16.75,248289.0,2.0,"67.60%","$0.45 ","$364,701,517,788 ","105.30%","45.10%",6.7,"76.0","29.0","$0.93 ","Malaysian language","36.70%",1.51,32447385.0,"64.30%","12.00%","38.70%","3.32%",24475766.0,4.210484,101.975766
"Maldives","26.30%",298.0,"5000.0",14.2,1445.0,1.87,"3.30%","$1.63 ","$5,729,248,472 ","97.10%","31.20%",7.4,"78.6","53.0","","Divehi","16.40%",4.56,530953.0,"69.80%","19.50%","30.20%","6.14%",213645.0,3.202778,73.22068
"Mali","33.80%",1240192.0,"18000.0",41.54,3179.0,5.88,"3.80%","$1.12 ","$17,510,141,171 ","75.60%","4.50%",62.0,"58.9","562.0","$0.23 ","French","46.30%",0.13,19658031.0,"70.80%","11.60%","54.50%","7.22%",8479688.0,17.570692,-3.996166
"Malta","32.40%",316.0,"2000.0",9.2,1342.0,1.23,"1.10%","$1.36 ","$14,786,156,563 ","105.00%","54.30%",6.1,"82.3","6.0","$5.07 ","Maltese","37.10%",2.86,502653.0,"56.50%","26.20%","44.00%","3.47%",475902.0,35.937496,14.375416
"Marshall Islands","63.90%",181.0,"",29.03,143.0,4.05,"70.20%","$1.44 ","$221,278,000 ","84.70%","23.70%",27.4,"65.2","","$2.00 ","Marshallese","10.00%",0.42,58791.0,"","17.80%","65.90%","",45514.0,7.131474,171.184478
"Mauritania","38.50%",1030700.0,"21000.0",33.69,2739.0,4.56,"0.20%","$1.13 ","$7,593,752,450 ","99.90%","5.00%",51.5,"64.7","766.0","$0.53 ","Arabic","48.20%",0.19,4525696.0,"45.90%","","67.00%","9.55%",2466821.0,21.00789,-10.940835
"Mauritius","42.40%",2040.0,"3000.0",10.2,4349.0,1.41,"19.00%","$1.12 ","$14,180,444,557 ","101.10%","40.60%",13.6,"74.4","61.0","$0.38 ","French","50.70%",2.53,1265711.0,"58.30%","19.10%","22.20%","6.67%",515980.0,-20.348404,57.552152
"Mexico","54.60%",1964375.0,"336000.0",17.6,486406.0,2.13,"33.90%","$0.73 ","$1,258,286,717,125 ","105.80%","40.20%",11.0,"75.0","33.0","$0.49 ","","41.40%",2.38,126014024.0,"60.70%","13.10%","55.10%","3.42%",102626859.0,23.634501,-102.552784
"Federated States of Micronesia","31.40%",702.0,"",22.82,143.0,3.05,"91.90%","","$401,932,279 ","97.20%","14.10%",25.6,"67.8","88.0","","English","2.50%",0.18,113815.0,"","25.20%","60.50%","",25963.0,7.425554,150.550812
"Moldova","74.20%",33851.0,"7000.0",10.1,5115.0,1.26,"12.60%","$0.80 ","$11,955,435,457 ","90.60%","39.80%",13.6,"71.8","19.0","$0.31 ","Romanian","46.20%",3.21,2657637.0,"43.10%","17.70%","38.70%","5.47%",1135502.0,47.411631,28.369885
"Mongolia","71.50%",1564116.0,"18000.0",24.13,25368.0,2.9,"8.00%","$0.72 ","$13,852,850,259 ","104.00%","65.60%",14.0,"69.7","45.0","$0.65 ","Mongolian","39.30%",2.86,3225167.0,"59.70%","16.80%","25.70%","6.01%",2210626.0,46.862496,103.846656
"Montenegro","19.00%",13812.0,"12000.0",11.73,2017.0,1.75,"61.50%","$1.16 ","$5,494,736,901 ","100.00%","56.10%",2.3,"76.8","6.0","$1.23 ","Montenegrin language","31.80%",2.76,622137.0,"54.40%","","22.20%","14.88%",417765.0,42.708678,19.37439
"Morocco","68.50%",446550.0,"246000.0",18.94,61276.0,2.42,"12.60%","$0.99 ","$118,725,279,596 ","113.90%","35.90%",19.2,"76.5","70.0","$1.60 ","Arabic","53.10%",0.73,36910560.0,"45.30%","21.90%","45.80%","9.02%",22975026.0,31.791702,-7.09262
"Mozambique","63.50%",799380.0,"11000.0",37.52,7943.0,4.85,"48.00%","$0.65 ","$14,934,159,926 ","112.60%","7.30%",54.0,"60.2","289.0","$0.27 ","Portuguese","6.80%",0.08,30366036.0,"78.10%","0.00%","36.10%","3.24%",11092106.0,-18.665695,35.529562
"Myanmar","19.50%",676578.0,"513000.0",17.55,25280.0,2.15,"43.60%","$0.54 ","$76,085,852,617 ","112.30%","18.80%",36.8,"66.9","250.0","$0.39 ","Burmese","73.90%",0.68,54045420.0,"61.70%","5.40%","31.20%","1.58%",16674093.0,21.916221,95.955974
"Namibia","47.10%",824292.0,"16000.0",28.64,4228.0,3.4,"8.30%","$0.76 ","$12,366,527,719 ","124.20%","22.90%",29.0,"63.4","195.0","","English","8.30%",0.42,2494530.0,"59.50%","27.10%","20.70%","20.27%",1273258.0,-22.95764,18.49041
"Nepal","28.70%",147181.0,"112000.0",19.89,9105.0,1.92,"25.40%","$0.91 ","$30,641,380,604 ","142.10%","12.40%",26.7,"70.5","186.0","$0.36 ","Nepali","60.40%",0.75,28608710.0,"83.80%","20.70%","41.80%","1.41%",5765513.0,28.394857,84.124008
"Netherlands","53.30%",41543.0,"41000.0",9.7,170780.0,1.59,"11.20%","$1.68 ","$909,070,395,161 ","104.20%","85.00%",3.3,"81.8","5.0","$10.29 ","Dutch","12.30%",3.61,17332850.0,"63.60%","23.00%","41.20%","3.20%",15924729.0,52.132633,5.291266
"New Zealand","40.50%",268838.0,"9000.0",11.98,34382.0,1.71,"38.60%","$1.40 ","$206,928,765,544 ","100.00%","82.00%",4.7,"81.9","9.0","$11.49 ","English","12.60%",3.59,4841000.0,"69.90%","29.00%","34.60%","4.07%",4258860.0,-40.900557,174.885971
"Nicaragua","42.10%",130370.0,"12000.0",20.64,5592.0,2.4,"25.90%","$0.91 ","$12,520,915,291 ","120.60%","17.40%",15.7,"74.3","98.0","$0.54 ","Spanish","36.00%",0.98,6545502.0,"66.40%","15.60%","60.60%","6.84%",3846137.0,12.865416,-85.207229
"Niger","36.10%",1267000.0,"10000.0",46.08,2017.0,6.91,"0.90%","$0.88 ","$12,928,145,120 ","74.70%","4.40%",48.0,"62.0","509.0","$0.29 ","French","52.30%",0.04,23310715.0,"72.00%","11.80%","47.20%","0.47%",3850231.0,17.607789,8.081666
"Nigeria","77.70%",923768.0,"215000.0",37.91,120369.0,5.39,"7.20%","$0.46 ","$448,120,428,859 ","84.70%","10.20%",75.7,"54.3","917.0","$0.54 ","English","72.20%",0.38,200963599.0,"52.90%","1.50%","34.80%","8.10%",102806948.0,9.081999,8.675277
"North Korea","21.80%",120538.0,"1469000.0",13.89,28284.0,1.9,"40.70%","$0.58 ","$32,100,000,000 ","112.80%","27.00%",13.7,"72.1","89.0","","Korean","",3.67,25666161.0,"80.40%","","","2.74%",15947412.0,40.339852,127.510093
"Norway","2.70%",323802.0,"23000.0",10.4,41023.0,1.56,"33.20%","$1.78 ","$403,336,363,636 ","100.30%","82.00%",2.1,"82.8","2.0","","Norwegian","14.30%",2.92,5347896.0,"63.80%","23.90%","36.20%","3.35%",4418218.0,60.472024,8.468946
"Oman","4.60%",309500.0,"47000.0",19.19,63457.0,2.89,"0.00%","$0.45 ","$76,983,094,928 ","103.40%","38.00%",9.8,"77.6","19.0","$4.33 ","Arabic","6.40%",2.0,5266535.0,"72.40%","2.50%","27.40%","2.67%",4250777.0,21.4735329,55.975413
"Pakistan","47.80%",796095.0,"936000.0",28.25,201150.0,3.51,"1.90%","$0.79 ","$304,400,000,000 ","94.30%","9.00%",57.2,"67.1","140.0","$0.69 ","Urdu","66.50%",0.98,216565318.0,"52.60%","9.20%","33.90%","4.45%",79927762.0,30.375321,69.345116
"Palau","10.90%",459.0,"",14.0,224.0,2.21,"87.60%","","$283,994,900 ","112.60%","54.70%",16.6,"69.1","","$3.00 ","English","21.80%",1.18,18233.0,"","21.30%","76.60%","",14491.0,7.51498,134.58252
"Panama","30.40%",75420.0,"26000.0",18.98,10715.0,2.46,"61.90%","$0.74 ","$66,800,800,000 ","94.40%","47.80%",13.1,"78.3","52.0","$1.53 ","Spanish","30.50%",1.57,4246439.0,"66.60%","","37.20%","3.90%",2890084.0,8.537981,-80.782127
"Papua New Guinea","2.60%",462840.0,"4000.0",27.07,7536.0,3.56,"74.10%","$1.36 ","$24,969,611,435 ","108.50%","1.80%",38.0,"64.3","145.0","$1.16 ","Tok Pisin","5.80%",0.07,8776109.0,"47.20%","13.60%","37.10%","2.46%",1162834.0,-6.314993,143.95555
"Paraguay","55.10%",406752.0,"27000.0",20.57,7407.0,2.43,"37.70%","$1.04 ","$38,145,288,940 ","104.40%","34.60%",17.2,"74.1","129.0","$1.55 ","Spanish","36.50%",1.35,7044636.0,"72.10%","10.00%","35.00%","4.81%",4359150.0,-23.442503,-58.443832
"Peru","18.50%",1285216.0,"158000.0",17.95,57414.0,2.25,"57.70%","$0.99 ","$226,848,050,820 ","106.90%","70.70%",11.1,"76.5","88.0","$1.28 ","Spanish","30.90%",1.27,32510453.0,"77.60%","14.30%","36.80%","3.31%",25390339.0,-9.189967,-75.015152
"Philippines","41.70%",300000.0,"153000.0",20.55,122287.0,2.58,"27.80%","$0.86 ","$376,795,508,680 ","107.50%","35.50%",22.5,"71.1","121.0","$1.12 ","English","53.50%",0.6,108116615.0,"59.60%","14.00%","43.10%","2.15%",50975903.0,12.879721,121.774017
"Poland","46.90%",312685.0,"191000.0",10.2,299037.0,1.46,"30.90%","$1.07 ","$592,164,400,688 ","100.00%","67.80%",3.8,"77.6","2.0","$2.93 ","Polish","23.20%",2.38,37970874.0,"56.70%","17.40%","40.80%","3.47%",22796574.0,51.919438,19.145136
"Portugal","39.50%",92212.0,"52000.0",8.5,48742.0,1.38,"34.60%","$1.54 ","$237,686,075,635 ","106.20%","63.90%",3.1,"81.3","8.0","$3.78 ","Portuguese","27.70%",5.12,10269417.0,"58.80%","22.80%","39.80%","6.33%",6753579.0,39.399872,-8.224454
"Qatar","5.80%",11586.0,"22000.0",9.54,103259.0,1.87,"0.00%","$0.40 ","$183,466,208,791 ","103.80%","17.90%",5.8,"80.1","9.0","","Arabic","6.20%",2.49,2832067.0,"86.80%","14.70%","11.30%","0.09%",2809071.0,25.354826,51.183884
"Romania","58.80%",238391.0,"126000.0",9.6,69259.0,1.71,"30.10%","$1.16 ","$250,077,444,017 ","85.20%","49.40%",6.1,"75.4","19.0","$2.25 ","Romanian","21.30%",2.98,19356544.0,"54.70%","14.60%","20.00%","3.98%",10468793.0,45.943161,24.96676
"Russia","13.30%",17098240.0,"1454000.0",11.5,1732027.0,1.57,"49.80%","$0.59 ","$1,699,876,578,871 ","102.60%","81.90%",6.1,"72.7","17.0","$0.53 ","Russian","36.40%",4.01,144373535.0,"61.80%","11.40%","46.20%","4.59%",107683889.0,61.52401,105.318756
"Rwanda","73.40%",26338.0,"35000.0",31.7,1115.0,4.04,"19.70%","$1.17 ","$10,122,472,590 ","133.00%","6.70%",27.0,"68.7","248.0","","Swahili","26.00%",0.13,12626950.0,"83.70%","14.30%","33.20%","1.03%",2186104.0,-1.940278,29.873888
"Saint Kitts and Nevis","23.10%",261.0,"",12.6,238.0,2.11,"42.30%","","$1,050,992,593 ","108.70%","86.70%",9.8,"71.3","","$3.33 ","English","56.60%",2.52,52823.0,"","18.50%","49.70%","",16269.0,17.357822,-62.782998
"Saint Lucia","17.40%",616.0,"",12.0,414.0,1.44,"33.20%","$1.30 ","$2,122,450,630 ","102.60%","14.10%",14.9,"76.1","117.0","","English","48.40%",0.64,182790.0,"67.10%","18.20%","34.70%","20.71%",34280.0,13.909444,-60.978893
"Saint Vincent and the Grenadines","25.60%",389.0,"",14.24,220.0,1.89,"69.20%","","$825,385,185 ","113.40%","23.70%",14.8,"72.4","68.0","$1.16 ","English","21.40%",0.66,100455.0,"65.90%","25.40%","37.00%","18.88%",58185.0,12.984305,-61.287228
"Samoa","12.40%",2831.0,"",24.38,246.0,3.88,"60.40%","$0.91 ","$850,655,017 ","110.50%","7.60%",13.6,"73.2","43.0","$0.78 ","Samoan","11.50%",0.34,202506.0,"43.70%","25.50%","19.30%","8.36%",35588.0,-13.759029,-172.104629
"Saudi Arabia","80.80%",2149690.0,"252000.0",17.8,563449.0,2.32,"0.50%","$0.24 ","$792,966,838,162 ","99.80%","68.00%",6.0,"75.0","17.0","$3.85 ","Arabic","15.00%",2.61,34268528.0,"55.90%","8.90%","15.70%","5.93%",28807838.0,23.885942,45.079162
"Senegal","46.10%",196722.0,"19000.0",34.52,10902.0,4.63,"42.80%","$1.14 ","$23,578,084,052 ","81.00%","12.80%",31.8,"67.7","315.0","$0.31 ","French","44.20%",0.07,16296364.0,"45.70%","16.30%","44.80%","6.60%",7765706.0,14.497401,-14.452362
"Serbia","39.30%",77474.0,"32000.0",9.2,45221.0,1.49,"31.10%","$1.16 ","$51,409,167,351 ","100.30%","67.20%",4.8,"75.5","12.0","$1.57 ","Serbian","40.60%",3.11,6944975.0,"54.90%","18.60%","36.60%","12.69%",3907243.0,44.016521,21.005859
"Seychelles","3.40%",455.0,"0.0",17.1,605.0,2.41,"88.40%","","$1,698,843,063 ","100.40%","17.10%",12.4,"72.8","53.0","$2.00 ","French","2.50%",0.95,97625.0,"","34.10%","30.10%","",55762.0,-4.679574,55.491977
"Sierra Leone","54.70%",71740.0,"9000.0",33.41,1093.0,4.26,"43.10%","$1.08 ","$3,941,474,311 ","112.80%","2.00%",78.5,"54.3","1120.0","$0.57 ","English","38.20%",0.03,7813215.0,"57.90%","8.60%","30.70%","4.43%",3319366.0,8.460555,-11.779889
"Singapore","0.90%",716.0,"81000.0",8.8,37535.0,1.14,"23.10%","$1.25 ","$372,062,527,489 ","100.60%","84.80%",2.3,"83.1","8.0","","Malay","36.70%",2.29,5703569.0,"70.50%","13.10%","21.00%","4.11%",5703569.0,1.352083,103.819836
"Slovakia","39.20%",49035.0,"16000.0",10.6,32424.0,1.52,"40.40%","$1.32 ","$105,422,304,976 ","98.70%","46.60%",4.6,"77.2","5.0","$3.11 ","Slovak","18.40%",3.42,5454073.0,"59.50%","18.70%","49.70%","5.56%",2930419.0,48.669026,19.699024
"Slovenia","30.70%",20273.0,"7000.0",9.4,12633.0,1.6,"62.00%","$1.32 ","$53,742,159,517 ","100.40%","78.60%",1.7,"81.0","7.0","$5.25 ","Slovene language","12.50%",3.09,2087946.0,"58.40%","18.60%","31.00%","4.20%",1144654.0,46.151241,14.995463
"Solomon Islands","3.90%",28896.0,"",32.44,169.0,4.4,"77.90%","","$1,425,074,226 ","106.20%","",17.1,"72.8","104.0","$0.40 ","English","3.30%",0.19,669823.0,"83.80%","29.50%","32.00%","0.58%",162164.0,-9.64571,160.156194
"Somalia","70.30%",637657.0,"20000.0",41.75,645.0,6.07,"10.00%","$1.41 ","$4,720,727,278 ","23.40%","2.50%",76.6,"57.1","829.0","","Arabic","",0.02,15442905.0,"47.40%","0.00%","","11.35%",7034861.0,5.152149,46.199616
"South Africa","79.80%",1219090.0,"80000.0",20.51,476644.0,2.41,"7.60%","$0.92 ","$351,431,649,241 ","100.90%","22.40%",28.5,"63.9","119.0","","Afrikaans","7.70%",0.91,58558270.0,"56.00%","27.50%","29.20%","28.18%",39149717.0,-30.559482,22.937506
"South Korea","17.40%",99720.0,"634000.0",6.4,620302.0,0.98,"63.40%","$1.22 ","$2,029,000,000,000 ","98.10%","94.30%",2.7,"82.6","11.0","$6.49 ","Korean","36.80%",2.36,51709098.0,"63.00%","15.60%","33.20%","4.15%",42106719.0,35.907757,127.766922
"Spain","52.60%",505370.0,"196000.0",7.9,244002.0,1.26,"36.90%","$1.26 ","$1,394,116,310,769 ","102.70%","88.90%",2.5,"83.3","4.0","$5.60 ","Spanish","24.20%",3.87,47076781.0,"57.50%","14.20%","47.00%","13.96%",37927409.0,40.463667,-3.74922
"Sri Lanka","43.70%",65610.0,"317000.0",15.83,23362.0,2.2,"32.90%","$0.88 ","$84,008,783,756 ","100.20%","19.60%",6.4,"76.8","36.0","$0.35 ","Tamil","38.40%",1.0,21803000.0,"53.90%","11.90%","55.20%","4.20%",4052088.0,7.873054,80.771797
"Sudan","28.70%",1861484.0,"124000.0",32.18,20000.0,4.41,"8.10%","$0.95 ","$18,902,284,476 ","76.80%","16.90%",42.1,"65.1","295.0","$0.41 ","Arabic","63.20%",0.26,42813238.0,"48.40%","8.00%","45.40%","16.53%",14957233.0,12.862807,30.217636
"Suriname","0.60%",163820.0,"2000.0",18.54,1738.0,2.42,"98.30%","$1.29 ","$3,985,250,737 ","108.80%","12.60%",16.9,"71.6","120.0","","Dutch","10.10%",1.21,581372.0,"51.10%","19.50%","27.90%","7.33%",384258.0,3.919305,-56.027783
"Sweden","7.40%",450295.0,"30000.0",11.4,43252.0,1.76,"68.90%","$1.42 ","$530,832,908,738 ","126.60%","67.00%",2.2,"82.5","4.0","","Swedish","15.20%",3.98,10285453.0,"64.60%","27.90%","49.10%","6.48%",9021165.0,60.128161,18.643501
"Switzerland","38.40%",41277.0,"21000.0",10.0,34477.0,1.52,"31.80%","$1.45 ","$703,082,435,360 ","105.20%","59.60%",3.7,"83.6","5.0","","German","28.30%",4.3,8574832.0,"68.30%","10.10%","28.80%","4.58%",6332428.0,46.818188,8.227512
"Syria","75.80%",185180.0,"239000.0",23.69,28830.0,2.81,"2.70%","$0.83 ","$40,405,006,007 ","81.70%","40.10%",14.0,"71.8","31.0","$1.02 ","Arabic","53.70%",1.22,17070135.0,"44.10%","14.20%","42.70%","8.37%",9358019.0,34.802075,38.996815
"Tajikistan","34.10%",144100.0,"17000.0",30.76,5310.0,3.59,"3.00%","$0.71 ","$8,116,626,794 ","100.90%","31.30%",30.4,"70.9","17.0","$0.23 ","Persian","63.10%",1.7,9321018.0,"42.00%","9.80%","67.30%","11.02%",2545477.0,38.861034,71.276093
"Tanzania","44.80%",947300.0,"28000.0",36.7,11973.0,4.89,"51.60%","$0.87 ","$63,177,068,175 ","94.20%","4.00%",37.6,"65.0","524.0","$0.09 ","Swahili","26.10%",0.01,58005463.0,"83.40%","11.50%","43.80%","1.98%",20011885.0,-6.369028,34.888822
"Thailand","43.30%",513120.0,"455000.0",10.34,283763.0,1.53,"32.20%","$0.71 ","$543,649,976,166 ","99.80%","49.30%",7.8,"76.9","37.0","$1.06 ","Thai","11.80%",0.81,69625582.0,"67.30%","14.90%","29.50%","0.75%",35294600.0,15.870032,100.992541
"East Timor","25.60%",14874.0,"2000.0",29.42,495.0,4.02,"45.40%","$1.10 ","$1,673,540,300 ","115.30%","17.80%",39.3,"69.3","142.0","$0.60 ","Portuguese","10.20%",0.72,3500000.0,"67.30%","25.00%","17.30%","4.55%",400182.0,-8.874217,125.727539
"Togo","70.20%",56785.0,"10000.0",33.11,3000.0,4.32,"3.10%","$0.71 ","$5,459,979,417 ","123.80%","14.50%",47.4,"60.8","396.0","$0.34 ","French","51.00%",0.08,8082366.0,"77.60%","16.90%","48.20%","2.04%",3414638.0,8.619543,0.824782
"Tonga","45.80%",747.0,"",24.3,128.0,3.56,"12.50%","","$450,353,314 ","116.30%","6.40%",13.4,"70.8","52.0","","Tongan Language","10.20%",0.52,100209.0,"59.80%","22.30%","27.50%","1.12%",24145.0,-21.178986,-175.198242
"Trinidad and Tobago","10.50%",5128.0,"4000.0",12.94,43868.0,1.73,"46.00%","$0.54 ","$24,100,202,834 ","106.20%","12.00%",16.4,"73.4","67.0","$2.25 ","English","37.30%",4.17,1394973.0,"60.00%","19.50%","40.50%","2.69%",741944.0,10.691803,-61.222503
"Tunisia","64.80%",163610.0,"48000.0",17.56,29937.0,2.2,"6.80%","$0.73 ","$38,797,709,924 ","115.40%","31.70%",14.6,"76.5","43.0","$0.47 ","Arabic","39.80%",1.3,11694719.0,"46.10%","21.10%","60.70%","16.02%",8099061.0,33.886917,9.537499
"Turkey","49.80%",783562.0,"512000.0",16.03,372725.0,2.07,"15.40%","$1.42 ","$754,411,708,203 ","93.20%","23.90%",9.1,"77.4","17.0","$3.45 ","Turkish","16.90%",1.85,83429615.0,"52.80%","17.90%","42.30%","13.49%",63097818.0,38.963745,35.243322
"Turkmenistan","72.00%",488100.0,"42000.0",23.83,70630.0,2.79,"8.80%","$0.29 ","$40,761,142,857 ","88.40%","8.00%",39.3,"68.1","7.0","$0.88 ","Turkmen","71.10%",2.22,5942089.0,"64.50%","","","3.91%",3092738.0,38.969719,59.556278
"Uganda","71.90%",241038.0,"46000.0",38.14,5680.0,4.96,"9.70%","$0.94 ","$34,387,229,486 ","102.70%","4.80%",33.8,"63.0","375.0","$0.01 ","Swahili","40.50%",0.17,44269594.0,"70.30%","11.70%","33.70%","1.84%",10784516.0,1.373333,32.290275
"Ukraine","71.70%",603550.0,"297000.0",8.7,202250.0,1.3,"16.70%","$0.83 ","$153,781,069,118 ","99.00%","82.70%",7.5,"71.6","19.0","$0.84 ","Ukrainian","47.80%",2.99,44385155.0,"54.20%","20.10%","45.20%","8.88%",30835699.0,48.379433,31.16558
"United Arab Emirates","5.50%",83600.0,"63000.0",10.33,206324.0,1.41,"4.60%","$0.49 ","$421,142,267,938 ","108.40%","36.80%",6.5,"77.8","3.0","","Arabic","17.80%",2.53,9770529.0,"82.10%","0.10%","15.90%","2.35%",8479744.0,23.424076,53.847818
"United Kingdom","71.70%",243610.0,"148000.0",11.0,379025.0,1.68,"13.10%","$1.46 ","$2,827,113,184,696 ","101.20%","60.00%",3.6,"81.3","7.0","$10.13 ","English","14.80%",2.81,66834405.0,"62.80%","25.50%","30.60%","3.85%",55908316.0,55.378051,-3.435973
"United States","44.40%",9833517.0,"1359000.0",11.6,5006302.0,1.73,"33.90%","$0.71 ","$21,427,700,000,000 ","101.80%","88.20%",5.6,"78.5","19.0","$7.25 ","","11.10%",2.61,328239523.0,"62.00%","9.60%","36.60%","14.70%",270663028.0,37.09024,-95.712891
"Uruguay","82.60%",176215.0,"22000.0",13.86,6766.0,1.97,"10.70%","$1.50 ","$56,045,912,952 ","108.50%","63.10%",6.4,"77.8","17.0","$1.66 ","Spanish","16.20%",5.05,3461734.0,"64.00%","20.10%","41.80%","8.73%",3303394.0,-32.522779,-55.765835
"Uzbekistan","62.90%",447400.0,"68000.0",23.3,91811.0,2.42,"7.50%","$1.03 ","$57,921,286,440 ","104.20%","10.10%",19.1,"71.6","29.0","$0.24 ","Uzbek","42.70%",2.37,33580650.0,"65.10%","14.80%","31.60%","5.92%",16935729.0,41.377491,64.585262
"Vanuatu","15.30%",12189.0,"",29.6,147.0,3.78,"36.10%","$1.31 ","$917,058,851 ","109.30%","4.70%",22.3,"70.3","72.0","$1.56 ","French","8.90%",0.17,299882.0,"69.90%","17.80%","8.50%","4.39%",76152.0,-15.376706,166.959158
"Venezuela","24.50%",912050.0,"343000.0",17.88,164175.0,2.27,"52.70%","$0.00 ","$482,359,318,768 ","97.20%","79.30%",21.4,"72.1","125.0","$0.01 ","Spanish","45.80%",1.92,28515829.0,"59.70%","","73.30%","8.80%",25162368.0,6.42375,-66.58973
"Vietnam","39.30%",331210.0,"522000.0",16.75,192668.0,2.05,"48.10%","$0.80 ","$261,921,244,843 ","110.60%","28.50%",16.5,"75.3","43.0","$0.73 ","Vietnamese","43.50%",0.82,96462106.0,"77.40%","19.10%","37.60%","2.01%",35332140.0,14.058324,108.277199
"Yemen","44.60%",527968.0,"40000.0",30.45,10609.0,3.79,"1.00%","$0.92 ","$26,914,402,224 ","93.60%","10.20%",42.9,"66.1","164.0","","Arabic","81.00%",0.31,29161922.0,"38.00%","","26.60%","12.91%",10869523.0,15.552727,48.516388
"Zambia","32.10%",752618.0,"16000.0",36.19,5141.0,4.63,"65.20%","$1.40 ","$23,064,722,446 ","98.70%","4.10%",40.4,"63.5","213.0","$0.24 ","English","27.50%",1.19,17861030.0,"74.60%","16.20%","15.60%","11.43%",7871713.0,-13.133897,27.849332
"Zimbabwe","41.90%",390757.0,"51000.0",30.68,10983.0,3.62,"35.50%","$1.34 ","$21,440,758,800 ","109.90%","10.00%",33.9,"61.2","458.0","","Shona","25.80%",0.21,14645468.0,"83.10%","20.70%","31.60%","4.95%",4717305.0,-19.015438,29.154857
